email,company,greet,hook,core
contact@action-cla.fr,Action Cla,Action Cla,"En parcourant votre site, je suis tombé sur vos rénovations de maisons en pierre à Lattes — franchement, ce savoir-faire-là se fait rare 👏 J'imagine que les demandes de devis vous tombent dessus pile quand vous êtes sur un chantier, pas devant l'écran.","J'ai automatisé 80 % de ma propre entreprise (location de yacht à Carnon). Aujourd'hui je construis des infrastructures IA sur-mesure pour des PME. Chaque entreprise est différente, donc chaque système l'est aussi — mais le but est toujours le même : faire grandir votre activité sereinement, pour que vous puissiez vous concentrer sur l'essentiel."
contact@alsan-training.fr,Alsan Training,Alsan Training,"Petit coucou de Carnon — on est quasiment voisins, j'ai ma société de location de yacht juste à côté 👋 J'ai vu que vous coachez à Mauguio-Carnon, et l'énergie que vous dégagez donne vraiment envie de s'y mettre.","Je l'ai justement automatisée à 80 %, et aujourd'hui je construis des infrastructures IA sur-mesure pour des PME. Chaque entreprise est différente, donc chaque système l'est aussi — mais le but est toujours le même : faire grandir votre activité sereinement, pour que vous puissiez vous concentrer sur l'essentiel."
contact@anthotoloc-location-voiture.fr,Anthotoloc Location Voiture,Anthotoloc,"J'ai jeté un œil à votre activité de location de voitures au Grau-du-Roi 🚗 J'imagine que pas mal de demandes tombent le soir ou le week-end, juste au moment où c'est compliqué de répondre tout de suite.","J'ai automatisé 80 % de ma propre entreprise (location de yacht à Carnon). Aujourd'hui je construis des infrastructures IA sur-mesure pour des PME. Chaque entreprise est différente, donc chaque système l'est aussi — mais le but est toujours le même : faire grandir votre activité sereinement, pour que vous puissiez vous concentrer sur l'essentiel."
contact@arcenergy.fr,Arcenergy,Arc Energy,Je suis tombé sur votre activité de bornes de recharge et photovoltaïque autour de Montpellier ⚡ Un secteur qui bouge vite — où une demande de devis qui traîne file souvent à la concurrence.,"J'ai automatisé 80 % de ma propre entreprise (location de yacht à Carnon). Aujourd'hui je construis des infrastructures IA sur-mesure pour des PME. Chaque entreprise est différente, donc chaque système l'est aussi — mais le but est toujours le même : faire grandir votre activité sereinement, pour que vous puissiez vous concentrer sur l'essentiel."
contact@artdelporte-toiture.fr,Artdelporte Toiture,Artisan Delporte,"J'ai jeté un œil à votre travail de couvreur à Nîmes, du beau boulot 👌 J'imagine que les demandes de devis arrivent souvent quand vous êtes en haut d'un toit, pas le téléphone à la main.","J'ai automatisé 80 % de ma propre entreprise (location de yacht à Carnon). Aujourd'hui je construis des infrastructures IA sur-mesure pour des PME. Chaque entreprise est différente, donc chaque système l'est aussi — mais le but est toujours le même : faire grandir votre activité sereinement, pour que vous puissiez vous concentrer sur l'essentiel."
contact@authentique-mignon.com,Authentique Mignon,Authentique Mignon,"Je suis tombé sur votre confiserie artisanale à Nîmes et… vos gaufres donnent sérieusement envie 😋 Sur ce genre de commerce, j'imagine que beaucoup de messages clients arrivent une fois le rideau baissé.","J'ai automatisé 80 % de ma propre entreprise (location de yacht à Carnon). Aujourd'hui je construis des infrastructures IA sur-mesure pour des PME. Chaque entreprise est différente, donc chaque système l'est aussi — mais le but est toujours le même : faire grandir votre activité sereinement, pour que vous puissiez vous concentrer sur l'essentiel."
contact@barlideehalles.fr,Barlideehalles,Bar Lidée Halles,"J'ai découvert votre bar à tapas près des halles à Calvisson — soirées à thème, vins locaux, le concept est top 🍷 J'imagine que les demandes de réservation tombent souvent en plein service.","J'ai automatisé 80 % de ma propre entreprise (location de yacht à Carnon). Aujourd'hui je construis des infrastructures IA sur-mesure pour des PME. Chaque entreprise est différente, donc chaque système l'est aussi — mais le but est toujours le même : faire grandir votre activité sereinement, pour que vous puissiez vous concentrer sur l'essentiel."
beatitudejardins@gmail.com,Beatitude Jardins,Béatitude Jardins,"J'ai jeté un œil à votre travail de paysagiste, c'est vraiment soigné 🌿 J'imagine que les demandes de devis vous arrivent souvent quand vous êtes déjà sur un chantier, les mains prises.","J'ai automatisé 80 % de ma propre entreprise (location de yacht à Carnon). Aujourd'hui je construis des infrastructures IA sur-mesure pour des PME. Chaque entreprise est différente, donc chaque système l'est aussi — mais le but est toujours le même : faire grandir votre activité sereinement, pour que vous puissiez vous concentrer sur l'essentiel."
contact@beautebienetremaurin.fr,Beautebienetremaurin,Beauté Bien-Être Maurin,Je suis tombé sur votre institut à Lattes et l'univers donne vraiment envie de prendre soin de soi ✨ J'imagine que beaucoup de demandes de RDV arrivent pile quand vous êtes en cabine avec une cliente.,"J'ai automatisé 80 % de ma propre entreprise (location de yacht à Carnon). Aujourd'hui je construis des infrastructures IA sur-mesure pour des PME. Chaque entreprise est différente, donc chaque système l'est aussi — mais le but est toujours le même : faire grandir votre activité sereinement, pour que vous puissiez vous concentrer sur l'essentiel."
contact@bricojoseph.fr,Bricojoseph,Brico Joseph,"J'ai jeté un œil à votre activité multiservices à Nîmes (peinture, sols, aménagement…) 🛠️ J'imagine que les demandes de devis tombent souvent quand vous êtes en plein chantier.","J'ai automatisé 80 % de ma propre entreprise (location de yacht à Carnon). Aujourd'hui je construis des infrastructures IA sur-mesure pour des PME. Chaque entreprise est différente, donc chaque système l'est aussi — mais le but est toujours le même : faire grandir votre activité sereinement, pour que vous puissiez vous concentrer sur l'essentiel."
contact@cgpaysage.fr,Cgpaysage,CG Paysage,"J'ai découvert vos aménagements paysagers, c'est vraiment du beau travail 🌳 J'imagine que les demandes de devis arrivent souvent quand vous avez littéralement les mains dans la terre.","J'ai automatisé 80 % de ma propre entreprise (location de yacht à Carnon). Aujourd'hui je construis des infrastructures IA sur-mesure pour des PME. Chaque entreprise est différente, donc chaque système l'est aussi — mais le but est toujours le même : faire grandir votre activité sereinement, pour que vous puissiez vous concentrer sur l'essentiel."
contact@charroncoaching.fr,Charroncoaching,Charron Coaching,"Je suis tombé sur votre coaching sportif à Montpellier, en salle comme à domicile 💪 J'imagine que pas mal de demandes arrivent en plein milieu d'une séance, quand vous ne pouvez pas décrocher.","J'ai automatisé 80 % de ma propre entreprise (location de yacht à Carnon). Aujourd'hui je construis des infrastructures IA sur-mesure pour des PME. Chaque entreprise est différente, donc chaque système l'est aussi — mais le but est toujours le même : faire grandir votre activité sereinement, pour que vous puissiez vous concentrer sur l'essentiel."
contact@cie-cordonnier.fr,Cie Cordonnier,Cie Cordonnier,"J'ai vu vos services de serrurerie et dépannage 24h/24 à Montpellier 🔑 Sur du dépannage, j'imagine que rater un appel, c'est souvent rater quelqu'un en pleine urgence.","J'ai automatisé 80 % de ma propre entreprise (location de yacht à Carnon). Aujourd'hui je construis des infrastructures IA sur-mesure pour des PME. Chaque entreprise est différente, donc chaque système l'est aussi — mais le but est toujours le même : faire grandir votre activité sereinement, pour que vous puissiez vous concentrer sur l'essentiel."
contact@clim-plomberie-inov-energie.fr,Clim Plomberie Inov Energie,Inov Energie,J'ai jeté un œil à votre activité de chauffagiste-climaticien à Montpellier 🔧 J'imagine que les demandes de devis arrivent souvent quand vous êtes déjà en intervention.,"J'ai automatisé 80 % de ma propre entreprise (location de yacht à Carnon). Aujourd'hui je construis des infrastructures IA sur-mesure pour des PME. Chaque entreprise est différente, donc chaque système l'est aussi — mais le but est toujours le même : faire grandir votre activité sereinement, pour que vous puissiez vous concentrer sur l'essentiel."
contact@concept-piscines-lagon.fr,Concept Piscines Lagon,Concept Piscines Lagon,"Je suis tombé sur vos piscines lagon à Nîmes — honnêtement, ça fait rêver 🏝️ Sur ce genre de projet, j'imagine que le client compare plusieurs pros, et que la réactivité fait toute la différence.","J'ai automatisé 80 % de ma propre entreprise (location de yacht à Carnon). Aujourd'hui je construis des infrastructures IA sur-mesure pour des PME. Chaque entreprise est différente, donc chaque système l'est aussi — mais le but est toujours le même : faire grandir votre activité sereinement, pour que vous puissiez vous concentrer sur l'essentiel."
contact@couverturedcm.fr,Couverturedcm,DCM,"J'ai jeté un œil à votre activité de rénovation et couverture à Nîmes 🏠 J'imagine que les demandes de devis tombent souvent quand vous êtes sur un toit, pas devant l'écran.","J'ai automatisé 80 % de ma propre entreprise (location de yacht à Carnon). Aujourd'hui je construis des infrastructures IA sur-mesure pour des PME. Chaque entreprise est différente, donc chaque système l'est aussi — mais le but est toujours le même : faire grandir votre activité sereinement, pour que vous puissiez vous concentrer sur l'essentiel."
contact@da-massimo.fr,Da Massimo,Da Massimo,"Je suis tombé sur votre restaurant italien à Calvisson — vos pizzas donnent clairement faim 🍕 Sur un resto, j'imagine que les demandes de réservation arrivent en plein coup de feu.","J'ai automatisé 80 % de ma propre entreprise (location de yacht à Carnon). Aujourd'hui je construis des infrastructures IA sur-mesure pour des PME. Chaque entreprise est différente, donc chaque système l'est aussi — mais le but est toujours le même : faire grandir votre activité sereinement, pour que vous puissiez vous concentrer sur l'essentiel."
contact@denifitiny.fr,Denifitiny,Denivitini,"J'ai découvert vos vêtements d'enfants faits main, c'est adorable 🧵 Sur une petite marque artisanale comme la vôtre, j'imagine que beaucoup de messages arrivent en dehors des heures d'atelier.","J'ai automatisé 80 % de ma propre entreprise (location de yacht à Carnon). Aujourd'hui je construis des infrastructures IA sur-mesure pour des PME. Chaque entreprise est différente, donc chaque système l'est aussi — mais le but est toujours le même : faire grandir votre activité sereinement, pour que vous puissiez vous concentrer sur l'essentiel."
contact@drainalia-nutrition.fr,Drainalia Nutrition,Drainalia,J'ai jeté un œil à votre cabinet de drainage et nutrition à Vendargues 🌿 J'imagine que beaucoup de demandes de RDV tombent pile quand vous êtes en plein soin.,"J'ai automatisé 80 % de ma propre entreprise (location de yacht à Carnon). Aujourd'hui je construis des infrastructures IA sur-mesure pour des PME. Chaque entreprise est différente, donc chaque système l'est aussi — mais le but est toujours le même : faire grandir votre activité sereinement, pour que vous puissiez vous concentrer sur l'essentiel."
samuelenergycarwash@outlook.fr,Energy Car Wash Nimes,Energy Car Wash,Je suis tombé sur votre service de nettoyage auto à Nîmes ✨ J'imagine que pas mal de demandes arrivent quand vous avez déjà les mains dans une voiture.,"J'ai automatisé 80 % de ma propre entreprise (location de yacht à Carnon). Aujourd'hui je construis des infrastructures IA sur-mesure pour des PME. Chaque entreprise est différente, donc chaque système l'est aussi — mais le but est toujours le même : faire grandir votre activité sereinement, pour que vous puissiez vous concentrer sur l'essentiel."
contact@filets-securite.fr,Filets Securite,Languedoc Filets Sécurité,"J'ai jeté un œil à votre activité de filets de sécurité sur tout le Sud — un métier pointu et impressionnant 👷 Sur du B2B technique, j'imagine qu'une demande qui attend trop file vite ailleurs.","J'ai automatisé 80 % de ma propre entreprise (location de yacht à Carnon). Aujourd'hui je construis des infrastructures IA sur-mesure pour des PME. Chaque entreprise est différente, donc chaque système l'est aussi — mais le but est toujours le même : faire grandir votre activité sereinement, pour que vous puissiez vous concentrer sur l'essentiel."
contact@fvpeinture.fr,Fvpeinture,FV Peinture,"J'ai découvert votre entreprise de bâtiment et rénovation, du travail soigné 👌 J'imagine que les demandes de devis arrivent souvent quand vous êtes déjà sur un chantier.","J'ai automatisé 80 % de ma propre entreprise (location de yacht à Carnon). Aujourd'hui je construis des infrastructures IA sur-mesure pour des PME. Chaque entreprise est différente, donc chaque système l'est aussi — mais le but est toujours le même : faire grandir votre activité sereinement, pour que vous puissiez vous concentrer sur l'essentiel."
contact@ganesh-nimes.fr,Ganesh Nimes,Ganesh,"Je me permets un petit mot 😊 J'aide les entreprises du coin à ne plus laisser passer une seule demande client, même tard le soir ou le week-end.","J'ai automatisé 80 % de ma propre entreprise (location de yacht à Carnon). Aujourd'hui je construis des infrastructures IA sur-mesure pour des PME. Chaque entreprise est différente, donc chaque système l'est aussi — mais le but est toujours le même : faire grandir votre activité sereinement, pour que vous puissiez vous concentrer sur l'essentiel."
gefp34@gmail.com,Gefpalac,GEFP,"J'ai jeté un œil à votre activité d'élagage et débroussaillage à Lattes 🌲 J'imagine que les demandes de devis arrivent souvent quand vous êtes en pleine intervention, tronçonneuse à la main.","J'ai automatisé 80 % de ma propre entreprise (location de yacht à Carnon). Aujourd'hui je construis des infrastructures IA sur-mesure pour des PME. Chaque entreprise est différente, donc chaque système l'est aussi — mais le but est toujours le même : faire grandir votre activité sereinement, pour que vous puissiez vous concentrer sur l'essentiel."
geynelec@gmail.com,Geynelec,Geynelec,"Je suis tombé sur votre activité d'électricité, clim et photovoltaïque à Nîmes ⚡ Un secteur qui bouge vite — où une demande de devis qui traîne part souvent ailleurs.","J'ai automatisé 80 % de ma propre entreprise (location de yacht à Carnon). Aujourd'hui je construis des infrastructures IA sur-mesure pour des PME. Chaque entreprise est différente, donc chaque système l'est aussi — mais le but est toujours le même : faire grandir votre activité sereinement, pour que vous puissiez vous concentrer sur l'essentiel."
contact@glow-assurance.fr,Glow Assurance,Glow Assurance,"J'ai jeté un œil à votre cabinet de courtage en assurance à Montpellier 📋 Sur ce métier, j'imagine que la réactivité face à une demande fait souvent toute la différence avec la concurrence.","J'ai automatisé 80 % de ma propre entreprise (location de yacht à Carnon). Aujourd'hui je construis des infrastructures IA sur-mesure pour des PME. Chaque entreprise est différente, donc chaque système l'est aussi — mais le but est toujours le même : faire grandir votre activité sereinement, pour que vous puissiez vous concentrer sur l'essentiel."
contact@hifi-atelier-audiophile.fr,Hifi Atelier Audiophile,L'Atelier de l'Audiophile,Je suis tombé sur votre atelier hi-fi haut de gamme à Montpellier — un vrai repaire de passionnés 🎶 J'imagine que pas mal de questions clients arrivent par mail le soir.,"J'ai automatisé 80 % de ma propre entreprise (location de yacht à Carnon). Aujourd'hui je construis des infrastructures IA sur-mesure pour des PME. Chaque entreprise est différente, donc chaque système l'est aussi — mais le but est toujours le même : faire grandir votre activité sereinement, pour que vous puissiez vous concentrer sur l'essentiel."
contact@hkm-construction.fr,Hkm Construction,HKM Construction,J'ai jeté un œil à votre activité de maçonnerie et construction à Montpellier 🧱 J'imagine que les demandes de devis tombent souvent quand vous êtes en plein chantier.,"J'ai automatisé 80 % de ma propre entreprise (location de yacht à Carnon). Aujourd'hui je construis des infrastructures IA sur-mesure pour des PME. Chaque entreprise est différente, donc chaque système l'est aussi — mais le but est toujours le même : faire grandir votre activité sereinement, pour que vous puissiez vous concentrer sur l'essentiel."
contact@hmi-transport.fr,Hmi Transport,HMI Transport,"Je suis tombé sur votre service de livraison à Nîmes 📦 Sur du transport, j'imagine qu'une demande de devis qui attend, c'est souvent une course qui file ailleurs.","J'ai automatisé 80 % de ma propre entreprise (location de yacht à Carnon). Aujourd'hui je construis des infrastructures IA sur-mesure pour des PME. Chaque entreprise est différente, donc chaque système l'est aussi — mais le but est toujours le même : faire grandir votre activité sereinement, pour que vous puissiez vous concentrer sur l'essentiel."
contact@ice-motors.fr,Ice Motors,Ice Motors,J'ai jeté un œil à votre garage moto à Lattes 🏍️ J'imagine que beaucoup de demandes de RDV arrivent pile quand vous êtes déjà sous une moto.,"J'ai automatisé 80 % de ma propre entreprise (location de yacht à Carnon). Aujourd'hui je construis des infrastructures IA sur-mesure pour des PME. Chaque entreprise est différente, donc chaque système l'est aussi — mais le but est toujours le même : faire grandir votre activité sereinement, pour que vous puissiez vous concentrer sur l'essentiel."
contact@il-romantico-34.com,Il Romantico 34,Il Romantico,"Je suis tombé sur votre restaurant italien à Castries, la carte donne vraiment envie 🍝 Sur un resto, j'imagine que les demandes de réservation arrivent en plein service.","J'ai automatisé 80 % de ma propre entreprise (location de yacht à Carnon). Aujourd'hui je construis des infrastructures IA sur-mesure pour des PME. Chaque entreprise est différente, donc chaque système l'est aussi — mais le but est toujours le même : faire grandir votre activité sereinement, pour que vous puissiez vous concentrer sur l'essentiel."
contact@jpatp-terrassement.fr,Jpatp Terrassement,JPATP,"J'ai jeté un œil à votre activité de terrassement et travaux publics à Nîmes 🚜 J'imagine que les demandes de devis arrivent souvent quand vous êtes sur le terrain, pas au bureau.","J'ai automatisé 80 % de ma propre entreprise (location de yacht à Carnon). Aujourd'hui je construis des infrastructures IA sur-mesure pour des PME. Chaque entreprise est différente, donc chaque système l'est aussi — mais le but est toujours le même : faire grandir votre activité sereinement, pour que vous puissiez vous concentrer sur l'essentiel."
contact@kblrepairstore.fr,Kblrepairstore,KBL Repair Store,"Je suis tombé sur votre magasin de deux-roues électriques à Nîmes 🛵 Sur ce créneau, j'imagine que beaucoup de questions clients arrivent par message, souvent hors horaires.","J'ai automatisé 80 % de ma propre entreprise (location de yacht à Carnon). Aujourd'hui je construis des infrastructures IA sur-mesure pour des PME. Chaque entreprise est différente, donc chaque système l'est aussi — mais le but est toujours le même : faire grandir votre activité sereinement, pour que vous puissiez vous concentrer sur l'essentiel."
contact@la-beaute-des-reines.fr,La Beaute Des Reines,La Beauté des Reines,J'ai découvert votre institut à Baillargues et l'univers donne envie de souffler un peu ✨ J'imagine que beaucoup de demandes de RDV arrivent pile quand vous êtes en cabine.,"J'ai automatisé 80 % de ma propre entreprise (location de yacht à Carnon). Aujourd'hui je construis des infrastructures IA sur-mesure pour des PME. Chaque entreprise est différente, donc chaque système l'est aussi — mais le but est toujours le même : faire grandir votre activité sereinement, pour que vous puissiez vous concentrer sur l'essentiel."
contact@ladiligencedalex.com,Ladiligencedalex,La Diligence d'Alex,"Je suis tombé sur votre service de VTC de luxe à Nîmes — la classe 🚙 Sur ce métier, j'imagine qu'une demande de réservation ratée, c'est une course perdue.","J'ai automatisé 80 % de ma propre entreprise (location de yacht à Carnon). Aujourd'hui je construis des infrastructures IA sur-mesure pour des PME. Chaque entreprise est différente, donc chaque système l'est aussi — mais le but est toujours le même : faire grandir votre activité sereinement, pour que vous puissiez vous concentrer sur l'essentiel."
lasederma@gmail.com,Lasederma,LaseDerma,J'ai jeté un œil à votre centre de médecine esthétique à Vergèze ✨ J'imagine que beaucoup de demandes de RDV arrivent en dehors des heures de consultation.,"J'ai automatisé 80 % de ma propre entreprise (location de yacht à Carnon). Aujourd'hui je construis des infrastructures IA sur-mesure pour des PME. Chaque entreprise est différente, donc chaque système l'est aussi — mais le but est toujours le même : faire grandir votre activité sereinement, pour que vous puissiez vous concentrer sur l'essentiel."
contact@leschouchousdesevy.fr,Leschouchousdesevy,Les Chouchous de Sevy,Je suis tombé sur vos services de toilettage et garde d'animaux à Nîmes — vos pensionnaires ont l'air sacrément chouchoutés 🐾 J'imagine que beaucoup de demandes arrivent quand vous avez déjà les mains occupées avec un animal.,"J'ai automatisé 80 % de ma propre entreprise (location de yacht à Carnon). Aujourd'hui je construis des infrastructures IA sur-mesure pour des PME. Chaque entreprise est différente, donc chaque système l'est aussi — mais le but est toujours le même : faire grandir votre activité sereinement, pour que vous puissiez vous concentrer sur l'essentiel."
lillymars30@outlook.fr,Lillymars,Lilly,"J'ai découvert votre univers de coach vocal à Nîmes, et l'approche humaine et inclusive m'a vraiment touché 🎤 J'imagine que les demandes de cours tombent souvent pendant que vous êtes en séance.","J'ai automatisé 80 % de ma propre entreprise (location de yacht à Carnon). Aujourd'hui je construis des infrastructures IA sur-mesure pour des PME. Chaque entreprise est différente, donc chaque système l'est aussi — mais le but est toujours le même : faire grandir votre activité sereinement, pour que vous puissiez vous concentrer sur l'essentiel."
contact@liviu-renov-chrono.fr,Liviu Renov Chrono,Liviu,J'ai jeté un œil à vos rénovations de cuisines et salles de bains 🛠️ J'imagine que les demandes de devis arrivent souvent quand vous êtes déjà sur un chantier.,"J'ai automatisé 80 % de ma propre entreprise (location de yacht à Carnon). Aujourd'hui je construis des infrastructures IA sur-mesure pour des PME. Chaque entreprise est différente, donc chaque système l'est aussi — mais le but est toujours le même : faire grandir votre activité sereinement, pour que vous puissiez vous concentrer sur l'essentiel."
contact@lorientalgrill.fr,Lorientalgrill,L'Oriental Grill,"Je suis tombé sur votre restaurant oriental à Nîmes, ça met l'eau à la bouche 😋 Sur un resto, j'imagine que les commandes et les demandes arrivent en plein coup de feu.","J'ai automatisé 80 % de ma propre entreprise (location de yacht à Carnon). Aujourd'hui je construis des infrastructures IA sur-mesure pour des PME. Chaque entreprise est différente, donc chaque système l'est aussi — mais le but est toujours le même : faire grandir votre activité sereinement, pour que vous puissiez vous concentrer sur l'essentiel."
contact@lovzysoft.fr,Lovzysoft,Lovzysoft,"J'ai jeté un œil à votre agence de gestion administrative à Nîmes 📑 Sur ce métier, j'imagine que la réactivité face à une demande entrante fait souvent la différence.","J'ai automatisé 80 % de ma propre entreprise (location de yacht à Carnon). Aujourd'hui je construis des infrastructures IA sur-mesure pour des PME. Chaque entreprise est différente, donc chaque système l'est aussi — mais le but est toujours le même : faire grandir votre activité sereinement, pour que vous puissiez vous concentrer sur l'essentiel."
contact@ltransporte.fr,Ltransporte,L Transporte,"Je suis tombé sur votre activité de transport express à Nîmes 📦 J'imagine qu'une demande de devis qui attend trop, c'est souvent une livraison qui part chez un concurrent.","J'ai automatisé 80 % de ma propre entreprise (location de yacht à Carnon). Aujourd'hui je construis des infrastructures IA sur-mesure pour des PME. Chaque entreprise est différente, donc chaque système l'est aussi — mais le but est toujours le même : faire grandir votre activité sereinement, pour que vous puissiez vous concentrer sur l'essentiel."
menginmarika@gmail.com,Marika 34,Marika,J'ai découvert votre service d'aide à domicile à Castelnau-le-Lez — un métier de cœur 💛 J'imagine que beaucoup de demandes arrivent quand vous êtes déjà chez un client.,"J'ai automatisé 80 % de ma propre entreprise (location de yacht à Carnon). Aujourd'hui je construis des infrastructures IA sur-mesure pour des PME. Chaque entreprise est différente, donc chaque système l'est aussi — mais le but est toujours le même : faire grandir votre activité sereinement, pour que vous puissiez vous concentrer sur l'essentiel."
contact@mcn-renovation.fr,Mcn Renovation,MCN Rénovation,"J'ai jeté un œil à vos rénovations intérieures à Nîmes (béton ciré, carrelage…), du beau travail 👌 J'imagine que les demandes de devis tombent souvent en plein chantier.","J'ai automatisé 80 % de ma propre entreprise (location de yacht à Carnon). Aujourd'hui je construis des infrastructures IA sur-mesure pour des PME. Chaque entreprise est différente, donc chaque système l'est aussi — mais le but est toujours le même : faire grandir votre activité sereinement, pour que vous puissiez vous concentrer sur l'essentiel."
contact@mon-petit-magasin-gardois.fr,Mon Petit Magasin Gardois,Mon Petit Magasin Gardois,"Je suis tombé sur votre épicerie de proximité à Nîmes avec livraison à domicile — l'esprit du commerce de quartier, j'adore 🛒 J'imagine que beaucoup de demandes arrivent par message, souvent hors horaires.","J'ai automatisé 80 % de ma propre entreprise (location de yacht à Carnon). Aujourd'hui je construis des infrastructures IA sur-mesure pour des PME. Chaque entreprise est différente, donc chaque système l'est aussi — mais le but est toujours le même : faire grandir votre activité sereinement, pour que vous puissiez vous concentrer sur l'essentiel."
contact@mota-batiment.fr,Mota Batiment,Mota Bâtiment,J'ai jeté un œil à votre activité de maçonnerie et gros œuvre à Nîmes 🧱 J'imagine que les demandes de devis arrivent souvent quand vous êtes en plein chantier.,"J'ai automatisé 80 % de ma propre entreprise (location de yacht à Carnon). Aujourd'hui je construis des infrastructures IA sur-mesure pour des PME. Chaque entreprise est différente, donc chaque système l'est aussi — mais le but est toujours le même : faire grandir votre activité sereinement, pour que vous puissiez vous concentrer sur l'essentiel."
motorscarrosserie@gmail.com,Motors Carrosserie,Motors Carrosserie,"Petit coucou de Carnon — on est presque voisins, j'ai ma société de location de yacht juste à côté 👋 J'ai jeté un œil à votre garage et carrosserie à Mauguio, du sérieux. J'imagine que les demandes de RDV tombent souvent quand vous êtes déjà sous un capot.","Je l'ai justement automatisée à 80 %, et aujourd'hui je construis des infrastructures IA sur-mesure pour des PME. Chaque entreprise est différente, donc chaque système l'est aussi — mais le but est toujours le même : faire grandir votre activité sereinement, pour que vous puissiez vous concentrer sur l'essentiel."
contact@ms-art-design.fr,Ms Art Design,MS Art Design,"Je suis tombé sur vos créations en ferronnerie et menuiserie à Bouillargues, du vrai sur-mesure 🔨 J'imagine que chaque demande de devis compte et mérite une réponse rapide.","J'ai automatisé 80 % de ma propre entreprise (location de yacht à Carnon). Aujourd'hui je construis des infrastructures IA sur-mesure pour des PME. Chaque entreprise est différente, donc chaque système l'est aussi — mais le but est toujours le même : faire grandir votre activité sereinement, pour que vous puissiez vous concentrer sur l'essentiel."
contact@musedecoton.fr,Musedecoton,Muse de Coton,"J'ai découvert vos accessoires écoresponsables, la démarche me parle vraiment 🌱 Sur une marque artisanale comme la vôtre, j'imagine que beaucoup de messages arrivent hors des heures d'atelier.","J'ai automatisé 80 % de ma propre entreprise (location de yacht à Carnon). Aujourd'hui je construis des infrastructures IA sur-mesure pour des PME. Chaque entreprise est différente, donc chaque système l'est aussi — mais le but est toujours le même : faire grandir votre activité sereinement, pour que vous puissiez vous concentrer sur l'essentiel."
contact@nemauzik.fr,Nemauzik,NemauziK,Je suis tombé sur votre école de musique à Nîmes 🎵 J'imagine que beaucoup de demandes d'inscription arrivent pile quand vous êtes en plein cours.,"J'ai automatisé 80 % de ma propre entreprise (location de yacht à Carnon). Aujourd'hui je construis des infrastructures IA sur-mesure pour des PME. Chaque entreprise est différente, donc chaque système l'est aussi — mais le but est toujours le même : faire grandir votre activité sereinement, pour que vous puissiez vous concentrer sur l'essentiel."
contact@nicozenhome.fr,Nicozenhome,Nico Zen Home,"J'ai découvert votre chambre d'hôtes avec jacuzzi à Vendargues — l'endroit donne envie de poser ses valises 🛁 Sur de l'hébergement, j'imagine qu'une demande de réservation qui attend trop part souvent ailleurs.","J'ai automatisé 80 % de ma propre entreprise (location de yacht à Carnon). Aujourd'hui je construis des infrastructures IA sur-mesure pour des PME. Chaque entreprise est différente, donc chaque système l'est aussi — mais le but est toujours le même : faire grandir votre activité sereinement, pour que vous puissiez vous concentrer sur l'essentiel."
contact@orejuela-electricite-34.fr,Orejuela Electricite 34,Orejuela Électricité,J'ai jeté un œil à votre entreprise d'électricité à Candillargues ⚡ J'imagine que les demandes de devis arrivent souvent quand vous êtes déjà en intervention.,"J'ai automatisé 80 % de ma propre entreprise (location de yacht à Carnon). Aujourd'hui je construis des infrastructures IA sur-mesure pour des PME. Chaque entreprise est différente, donc chaque système l'est aussi — mais le but est toujours le même : faire grandir votre activité sereinement, pour que vous puissiez vous concentrer sur l'essentiel."
contact@osteo-mauguio.fr,Osteo Mauguio,Cédric,"Petit coucou de Carnon — on est presque voisins, j'ai ma société de location de yacht juste à côté 👋 J'ai vu que vous recevez en ostéo à Mauguio, j'imagine que pas mal de demandes de RDV tombent pendant vos consultations.","Je l'ai justement automatisée à 80 %, et aujourd'hui je construis des infrastructures IA sur-mesure pour des PME. Chaque entreprise est différente, donc chaque système l'est aussi — mais le but est toujours le même : faire grandir votre activité sereinement, pour que vous puissiez vous concentrer sur l'essentiel."
contact@pegdusud.fr,Pegdusud,PEG du Sud,Je suis tombé sur votre activité d'électricien à Saint-Chaptes ⚡ J'imagine que les demandes de devis arrivent souvent quand vous êtes déjà sur un chantier.,"J'ai automatisé 80 % de ma propre entreprise (location de yacht à Carnon). Aujourd'hui je construis des infrastructures IA sur-mesure pour des PME. Chaque entreprise est différente, donc chaque système l'est aussi — mais le but est toujours le même : faire grandir votre activité sereinement, pour que vous puissiez vous concentrer sur l'essentiel."
contact@photobox-events.fr,Photobox Events,PhotoBox Events,"J'ai jeté un œil à votre service de bornes photo pour mariages et événements 📸 Sur l'événementiel, j'imagine qu'une demande de dispo qui attend trop, c'est une date réservée ailleurs.","J'ai automatisé 80 % de ma propre entreprise (location de yacht à Carnon). Aujourd'hui je construis des infrastructures IA sur-mesure pour des PME. Chaque entreprise est différente, donc chaque système l'est aussi — mais le but est toujours le même : faire grandir votre activité sereinement, pour que vous puissiez vous concentrer sur l'essentiel."
contact@pizzamargot-34.fr,Pizzamargot 34,Pizza Margot,"Je suis tombé sur votre pizzeria à Lattes l'autre jour, et la carte faite maison m'a clairement donné faim 😋 J'imagine qu'entre le coup de feu et le téléphone des réservations, vous n'avez pas une seconde.","J'ai automatisé 80 % de ma propre entreprise (location de yacht à Carnon). Aujourd'hui je construis des infrastructures IA sur-mesure pour des PME. Chaque entreprise est différente, donc chaque système l'est aussi — mais le but est toujours le même : faire grandir votre activité sereinement, pour que vous puissiez vous concentrer sur l'essentiel."
contact@pizzeria-del-sogno.fr,Pizzeria Del Sogno,Pizzeria del Sogno,"J'ai découvert votre pizzeria au feu de bois à Baillargues, ça donne envie 🔥 Sur un resto, j'imagine que les demandes de réservation arrivent en plein coup de feu.","J'ai automatisé 80 % de ma propre entreprise (location de yacht à Carnon). Aujourd'hui je construis des infrastructures IA sur-mesure pour des PME. Chaque entreprise est différente, donc chaque système l'est aussi — mais le but est toujours le même : faire grandir votre activité sereinement, pour que vous puissiez vous concentrer sur l'essentiel."
contact@pjp30.fr,Pjp30,PJP30,J'ai jeté un œil à votre activité de plâtrerie et peinture à Nîmes 🎨 J'imagine que les demandes de devis tombent souvent quand vous êtes en plein chantier.,"J'ai automatisé 80 % de ma propre entreprise (location de yacht à Carnon). Aujourd'hui je construis des infrastructures IA sur-mesure pour des PME. Chaque entreprise est différente, donc chaque système l'est aussi — mais le but est toujours le même : faire grandir votre activité sereinement, pour que vous puissiez vous concentrer sur l'essentiel."
rayan199034@gmail.com,Rayanfacades,Rayan,"Je suis tombé sur votre travail de façadier à Montpellier 🏗️ J'imagine que les demandes de devis arrivent souvent quand vous êtes en haut d'un échafaudage, pas le téléphone à la main.","J'ai automatisé 80 % de ma propre entreprise (location de yacht à Carnon). Aujourd'hui je construis des infrastructures IA sur-mesure pour des PME. Chaque entreprise est différente, donc chaque système l'est aussi — mais le but est toujours le même : faire grandir votre activité sereinement, pour que vous puissiez vous concentrer sur l'essentiel."
contact@restaurant-menna.fr,Restaurant Menna,Menna,"J'ai découvert votre restaurant méditerranéen à Nîmes, des plats de saison faits maison… ça donne envie 😋 Sur un resto, j'imagine que les demandes de réservation arrivent en plein service.","J'ai automatisé 80 % de ma propre entreprise (location de yacht à Carnon). Aujourd'hui je construis des infrastructures IA sur-mesure pour des PME. Chaque entreprise est différente, donc chaque système l'est aussi — mais le but est toujours le même : faire grandir votre activité sereinement, pour que vous puissiez vous concentrer sur l'essentiel."
contact@sandrineb-coachpsy-34.fr,Sandrineb Coachpsy 34,Sandrine,J'ai jeté un œil à votre accompagnement en coaching à Vendargues 🌿 J'imagine que beaucoup de demandes de RDV arrivent pile quand vous êtes déjà en séance.,"J'ai automatisé 80 % de ma propre entreprise (location de yacht à Carnon). Aujourd'hui je construis des infrastructures IA sur-mesure pour des PME. Chaque entreprise est différente, donc chaque système l'est aussi — mais le but est toujours le même : faire grandir votre activité sereinement, pour que vous puissiez vous concentrer sur l'essentiel."
contact@sarl-darte.fr,Sarl Darte,D'Arte,"Je suis tombé sur votre activité de plaquiste à Nîmes (isolation, peinture, déco) 🛠️ J'imagine que les demandes de devis tombent souvent quand vous êtes sur un chantier.","J'ai automatisé 80 % de ma propre entreprise (location de yacht à Carnon). Aujourd'hui je construis des infrastructures IA sur-mesure pour des PME. Chaque entreprise est différente, donc chaque système l'est aussi — mais le but est toujours le même : faire grandir votre activité sereinement, pour que vous puissiez vous concentrer sur l'essentiel."
entreprise.fournier@outlook.fr,Sas Fournier,SAS Fournier,"J'ai jeté un œil à votre travail de couvreur-zingueur, du beau boulot 🏠 J'imagine que les demandes de devis arrivent souvent quand vous êtes en hauteur, pas devant l'écran.","J'ai automatisé 80 % de ma propre entreprise (location de yacht à Carnon). Aujourd'hui je construis des infrastructures IA sur-mesure pour des PME. Chaque entreprise est différente, donc chaque système l'est aussi — mais le but est toujours le même : faire grandir votre activité sereinement, pour que vous puissiez vous concentrer sur l'essentiel."
contact@services-pro-batiment.fr,Services Pro Batiment,Services Pro Bâtiment,Je suis tombé sur votre société de maçonnerie à Cournonterral 🧱 J'imagine que les demandes de devis arrivent souvent quand vous êtes déjà sur un chantier.,"J'ai automatisé 80 % de ma propre entreprise (location de yacht à Carnon). Aujourd'hui je construis des infrastructures IA sur-mesure pour des PME. Chaque entreprise est différente, donc chaque système l'est aussi — mais le but est toujours le même : faire grandir votre activité sereinement, pour que vous puissiez vous concentrer sur l'essentiel."
contact@soinsdeclat.fr,Soinsdeclat,Soins d'Éclat,"Petit coucou de Carnon — on est presque voisins, j'ai ma société de location de yacht juste à côté 👋 J'ai découvert votre institut à Mauguio et l'univers donne vraiment envie de pousser la porte. J'imagine que beaucoup de demandes de RDV arrivent quand vous êtes en cabine.","Je l'ai justement automatisée à 80 %, et aujourd'hui je construis des infrastructures IA sur-mesure pour des PME. Chaque entreprise est différente, donc chaque système l'est aussi — mais le but est toujours le même : faire grandir votre activité sereinement, pour que vous puissiez vous concentrer sur l'essentiel."
contact@sr-nettoyage-gard.fr,Sr Nettoyage Gard,SR Nettoyage,"J'ai jeté un œil à votre entreprise de nettoyage de locaux vers Nîmes 🧽 Sur du B2B, j'imagine qu'une demande de devis qui attend trop part souvent à la concurrence.","J'ai automatisé 80 % de ma propre entreprise (location de yacht à Carnon). Aujourd'hui je construis des infrastructures IA sur-mesure pour des PME. Chaque entreprise est différente, donc chaque système l'est aussi — mais le but est toujours le même : faire grandir votre activité sereinement, pour que vous puissiez vous concentrer sur l'essentiel."
contact@start-publicite.fr,Start Publicite,START Publicité,"Je suis tombé sur votre agence de pub à Nîmes (flocage, enseignes, covering) 🎨 Sur du sur-mesure, j'imagine que chaque demande entrante mérite une réponse rapide pour ne pas filer ailleurs.","J'ai automatisé 80 % de ma propre entreprise (location de yacht à Carnon). Aujourd'hui je construis des infrastructures IA sur-mesure pour des PME. Chaque entreprise est différente, donc chaque système l'est aussi — mais le but est toujours le même : faire grandir votre activité sereinement, pour que vous puissiez vous concentrer sur l'essentiel."
