NOM,SITE_WEB,SECTEUR,MAIL,MAILS_TROUVES
PrestaMarine,https://prestamarine.com,Location nautique,info@prestamarine.com,info@prestamarine.com
Nautic Port-Grimaud,https://www.nauticportgrimaud.com,Location nautique,contact@mlportgrimaud.fr,contact@mlportgrimaud.fr
Noël Boats,https://www.noelboats.com,Location nautique,noel@noelboats.com,noel@noelboats.com
LM Expériences,https://www.lm-experience.com,Location nautique,contact@lm-experience.com,contact@lm-experience.com
Lostane,https://www.lostane.com,Location nautique,contact@lostane.com,contact@lostane.com
Grimaud Watersports,https://grimaud-watersports.com,Location nautique,contact@grimaud-watersports.com,contact@grimaud-watersports.com
OpenSea Port Grimaud,https://opensea-portgrimaud.fr,Location nautique,t.boulier@icloud.com,t.boulier@icloud.com
MEDYACHT,https://medyacht-group.com,Location nautique,location@med-yacht.com,location@med-yacht.com
ANG Yachting,https://ang-yachting.com,Location nautique,info@ang.fr,info@ang.fr
Marina des Canoubiers,https://www.marinadescanoubiers.com,Location nautique,contact@yachting-maintenance.com,contact@yachting-maintenance.com
Arthaud Yachting,https://www.arthaudyachting.com,Location nautique,contact@arthaudyachting.com,contact@arthaudyachting.com
MilaBoat,https://www.milaboat.fr,Location nautique,contact@milaboat.fr,contact@milaboat.fr
Easy Yachting,https://easy-yachting.fr,Location nautique,contact@easy-yachting.fr,contact@easy-yachting.fr
Boat Evasion,https://location-bateaux-cannes.com,Location nautique,contact@boatevasion.com,contact@boatevasion.com
Location Bateau Menton,https://locationbateaumenton.fr,Location nautique,contact@locationbateaumenton.fr,contact@locationbateaumenton.fr
Sud-Est Nautic,https://sud-est-nautic.com,Location nautique,info@sud-est-nautic.com,info@sud-est-nautic.com
Glisse Paradise,https://www.glisseparadise.com,Location nautique,contact@glisseparadise.com,contact@glisseparadise.com
Easy Location Bateau,https://www.easylocationbateau.fr,Location nautique,easy.location.bateau@gmail.com,easy.location.bateau@gmail.com
Elite Marine Services,https://elite-marine-06.com,Location nautique,elitemarine06@gmail.com,elitemarine06@gmail.com
Glisse Evasion,https://www.glisse-evasion.com,Location nautique,contact@glisse-evasion.com,contact@glisse-evasion.com
ABYS Yachting,https://www.abys-yachting.com,Location nautique,contact@abys-yachting.com,contact@abys-yachting.com
Cannes Jet Location,https://cannesjetlocation.com,Location nautique,contact@cannesjetlocation.com,contact@cannesjetlocation.com
Mandelieu Watersports,https://www.mandelieu-watersports.com,Location nautique,contact@mandelieu-watersports.com,contact@mandelieu-watersports.com
Jetski French Riviera,https://www.jetskifrenchriviera.com,Location nautique,jetmala@free.fr,jetmala@free.fr
Dark Pelican,https://www.darkpelican.com,Location nautique,contact@darkpelican.com,contact@darkpelican.com
AgMaritime,https://agmaritime.com,Location nautique,info@agmaritime.com,info@agmaritime.com
Beaulieu Marine,https://www.beaulieumarine.com,Location nautique,contact@beaulieumarine.com,contact@beaulieumarine.com
Azur Jet Ski,https://www.azurjetski.fr,Location nautique,contact@azurjetski.fr,contact@azurjetski.fr
Antibes Bateau Service,https://www.antibes-bateaux.com,Location nautique,antibesbateauservice@gmail.com,antibesbateauservice@gmail.com
Antibes Jet Spot,https://www.antibesjetspot.com,Location nautique,contact@antibes-jetspot.com,contact@antibes-jetspot.com
Water Sports 06,https://www.watersports06.com,Location nautique,contact@watersports06.com,contact@watersports06.com
Manautique,https://manautique.com,Location nautique,manautique@gmail.com,manautique@gmail.com
Loc Bateau Côte Basque,https://locbateaucotebasque.fr,Location nautique,locbateauanglet@gmail.com,locbateauanglet@gmail.com
Moby Dick Nautisme,https://www.mobydick-nautisme.com,Location nautique,mobydick@mbdck.com,mobydick@mbdck.com
Paral'aile,https://www.paral-aile.fr,Location nautique,contact@paral-aile.fr,contact@paral-aile.fr
MAPV Location,https://mapvlocation.com,Location nautique,mapvlocation@gmail.com,mapvlocation@gmail.com
Memphis Jet,https://www.memphis-jet.com,Location nautique,memphisjethendaye@gmail.com,memphisjethendaye@gmail.com
Ab's Boats Plaisance,https://www.absboatsplaisance.fr,Location nautique,abs.boats.plaisance@orange.fr,abs.boats.plaisance@orange.fr
BaiBoat,https://www.baiboat.fr,Location nautique,contact@baiboat.fr,contact@baiboat.fr
Location Bateau Arcachon,https://www.location-bateau-arcachon.fr,Location nautique,locationbateauarcachon.fr@gmail.com,locationbateauarcachon.fr@gmail.com
CATABAS,https://www.catabas.fr,Location nautique,contact@catabas.fr,contact@catabas.fr
Pyla Yachting,https://www.pylayachting.com,Location nautique,contact@pylayachting.com,contact@pylayachting.com
ArcaJetMarine,https://www.arcajetmarine.fr,Location nautique,arcajetmarine@gmail.com,arcajetmarine@gmail.com
Agence Nautique,https://www.agence-nautique.com,Location nautique,contact@agence-nautique.com,contact@agence-nautique.com
Ferret Marine,https://www.ferret-marine.fr,Location nautique,ferretmarine33@gmail.com,ferretmarine33@gmail.com
Cercle Nautique du Ferret,https://www.capferret-voile.fr,Location nautique,cnferret@gmail.com,cnferret@gmail.com
Charlet Nautic,https://www.charletnautic.com,Location nautique,accueil@charletnautic.com,accueil@charletnautic.com
AquaCabana,https://aquacabana.net,Location nautique,contact@aquacabana.net,contact@aquacabana.net
Sea Fly,https://www.seafly.fun,Location nautique,contact@seafly.fun,contact@seafly.fun
eXtreme Jet 33,https://extremejet-33.fr,Location nautique,extremejet33@gmail.com,extremejet33@gmail.com
Cercle Nautique de Mimizan,https://cercle-nautique-mimizan.org,Location nautique,contact@cercle-nautique-mimizan.org,contact@cercle-nautique-mimizan.org
La Pagaye,https://lapagaye.com,Location nautique,lapagaye40@gmail.com,lapagaye40@gmail.com
AC JET,https://www.ac-jet.fr,Location nautique,contact@ac-jet.fr,contact@ac-jet.fr
Jet One,https://www.jetone.fr,Location nautique,contact@jetone.fr,contact@jetone.fr
Elite Yachting,https://elite-yachting.fr,Location nautique,contact@elite-yachting.fr,contact@elite-yachting.fr
Sea Fun Boat,https://seafunboat.fr,Location nautique,seafunboat@gmail.com,seafunboat@gmail.com
Espace Bleu,https://www.espacebleu.fr,Location nautique,espacebleufr@orange.fr,espacebleufr@orange.fr
Holeshot Location,https://www.holeshot-location.com,Location nautique,contact@holeshot-location.com,contact@holeshot-location.com
Sillage,https://www.sillage-cavalaire.com,Location nautique,contact@sillage-cavalaire.com,contact@sillage-cavalaire.com
Locavalaire,https://www.locavalaire.com,Location nautique,contact@locavalaire.com,contact@locavalaire.com
Cavalaire Marine,https://www.cavalaire-marine.fr,Location nautique,cavalairemarine@gmail.com,cavalairemarine@gmail.com
Marine Plaisance,https://www.marine-plaisance.com,Location nautique,accueil@marine-plaisance.com,accueil@marine-plaisance.com
Jet Ski Deauville & Ouistreham,https://deauvillewatersports.fr,Location nautique,contact.jetskideauville@gmail.com,contact.jetskideauville@gmail.com
North Boat,https://northboat.fr,Location nautique,contact@northboat.fr,contact@northboat.fr
Élite Nautik,https://www.elite-nautik.fr,Location nautique,contact@elitenautik.fr,contact@elitenautik.fr
Hague à Part,https://hagueapart.com,Location nautique,info@hagueapart.com,info@hagueapart.com
Promenades en bateau à Honfleur,https://www.promenade-en-bateau-honfleur.fr,Location nautique,contact@promenade-en-bateau-honfleur.fr,contact@promenade-en-bateau-honfleur.fr
Nauticpark,https://www.nauticpark.com,Location nautique,contact@nauticpark.com,contact@nauticpark.com
Jet Aventure Fréjus,https://www.jetaventure-frejus.com,Location nautique,contact@jetaventure-frejus.com,contact@jetaventure-frejus.com
Estérel Caravaning Watersports,https://www.esterel-caravaning.fr,Location nautique,contact@esterel-caravaning.fr,contact@esterel-caravaning.fr
Esterel Location Bateaux,https://www.esterel-location-bateaux.com,Location nautique,contact@esterel-location-bateaux.com,contact@esterel-location-bateaux.com
Riviera Location Bateau,https://www.riviera-location-bateau.fr,Location nautique,contact@riviera-location-bateau.fr,contact@riviera-location-bateau.fr
Loca Boat 83,https://www.locaboat83.fr,Location nautique,contact@locaboat83.fr,contact@locaboat83.fr
Nautic 83,https://www.nautic83.fr,Location nautique,contact@nautic83.fr,contact@nautic83.fr
H2O Location,https://www.h2o-location.fr,Location nautique,contact@h2o-location.fr,contact@h2o-location.fr
LA BARCA,https://labarca-location.fr,Location nautique,info@labarca-location.fr,info@labarca-location.fr
Luxury Jet 83,https://www.luxuryjet-83.fr,Location nautique,luxury-jet-83@orange.fr,luxury-jet-83@orange.fr
Selestiboat,https://www.selestiboat.com,Location nautique,portfrejus@selestiboat.com,portfrejus@selestiboat.com
Riviera Nautic,http://www.rivieranautic-frejus.com,Location nautique,contact@rivieranautic.com,contact@rivieranautic.com
Take My Boat,https://www.takemyboat.fr,Location nautique,contact@takemyboat.fr,contact@takemyboat.fr
Sea You Sun,https://www.excursion-bateau-les-calanques-esterel.fr,Location nautique,contact@sea-u-sun.fr,contact@sea-u-sun.fr
Les Bateaux Bleus,https://lesbateauxbleus.com,Location nautique,contact@lesbateauxbleus.com,contact@lesbateauxbleus.com
TakSea,https://www.taksea.fr,Location nautique,contact@teamyachting.com,contact@teamyachting.com
AWL Air Water Loisirs,https://www.awl-airwaterloisirs.com,Location nautique,amrlocation@orange.fr,amrlocation@orange.fr
Jet Royan,https://jetroyan.fr,Location nautique,contact@jetroyan.fr,contact@jetroyan.fr
Jet Explorer,https://www.jet-explorer.com,Location nautique,info@jet-explorer.com,info@jet-explorer.com
Jet Révasion,https://jetrevasion.com,Location nautique,jetrevasion17@gmail.com,jetrevasion17@gmail.com
Ragonot Marine,https://www.ragonot-marine.com,Location nautique,info@ragonot-marine.com,info@ragonot-marine.com
Ré Glisse,https://www.reboatservices.fr,Location nautique,rhs.iledere@gmail.com,rhs.iledere@gmail.com
AZ Nautic,https://www.aznautic.fr,Location nautique,aznautic@orange.fr,aznautic@orange.fr
La Rochelle sur l'Eau,https://www.larochellesurleau.com,Location nautique,contact@larochellesurleau.com,contact@larochellesurleau.com
Pornichet Services Plaisance,https://www.pornichetservicesplaisance.com,Location nautique,psp44@orange.fr,psp44@orange.fr
Escapade Nature,https://www.escapade-nature.com,Location nautique,contact@escapade-nature.com,contact@escapade-nature.com
Aunis Motonautic,https://www.aunismotonautic.fr,Location nautique,contact@aunismotonautic.fr,contact@aunismotonautic.fr
Jet Evasion La Rochelle,https://www.jet-evasion.net,Location nautique,contact@jet-evasion.net,contact@jet-evasion.net
Boyard Croisière,https://boyard-croisiere.com,Location nautique,contact@boyard-croisiere.com,contact@boyard-croisiere.com
TEX Location Canoë La Rochelle,https://canoe-larochelle.fr,Location nautique,canoelarochelle@gmail.com,canoelarochelle@gmail.com
CN La Perrotine,https://www.cnperrotine.com,Location nautique,contact@cnperrotine.com,contact@cnperrotine.com
Lau-Ve,https://lau-ve.fr,Location nautique,vroulier@guilbaudetfils.fr,vroulier@guilbaudetfils.fr
Île de Ré Nautisme,https://iledere-nautisme.com,Location nautique,resa@iledere-nautisme.com,resa@iledere-nautisme.com
Aquatique Location Vendée Jet,https://www.aquatiquelocation.fr,Location nautique,aquatiquelocation@gmail.com,aquatiquelocation@gmail.com
Locabato,https://locabato.fr,Location nautique,contact@locabato.fr,contact@locabato.fr
Azur Sport Nautique 13,https://www.asn13.com,Location nautique,asn13008@gmail.com,asn13008@gmail.com
LocMyBoat,https://www.lokaboat.fr,Location nautique,lokaboat@gmail.com,lokaboat@gmail.com
LocBateau,https://www.locbateau.fr,Location nautique,contact@locbateau.fr,contact@locbateau.fr
L'Eden Boat,https://www.ledenboat.com,Location nautique,contact@ledenboat.com,contact@ledenboat.com
SO JET,https://www.sojet.fr,Location nautique,reservation@sojet.fr,reservation@sojet.fr
JCF Boat Services,https://jcfboat.com,Location nautique,contact@jcfboat.com,contact@jcfboat.com
Water Sports 13,https://www.water-sports-13.com,Location nautique,watersports13@yahoo.fr,watersports13@yahoo.fr
B2M Location,https://www.b2mlocation.com,Location nautique,contact@b2mlocation.com,contact@b2mlocation.com
Palavas Jet-ski,https://www.palavas-jet-ski.fr,Location nautique,contact@palavas-jet-ski.fr,contact@palavas-jet-ski.fr
Samy Jetski,https://www.samyjetski.fr,Location nautique,samyjetski@orange.fr,samyjetski@orange.fr
Randojet,https://www.randojet.eu,Location nautique,randojet@gmail.com,randojet@gmail.com
TF7 Nautic,https://tf7nautic.fr,Location nautique,contact@tf7nautic.fr,contact@tf7nautic.fr
JLC Location,https://www.jlclocation34.com,Location nautique,jlclocationsdebateaux@gmail.com,jlclocationsdebateaux@gmail.com
Bleu Marine Plaisance,https://bleu-marine-plaisance.com,Location nautique,contact@bleu-marine-plaisance.com,contact@bleu-marine-plaisance.com
Bat'Ô Loc,https://www.bat-o-loc.com,Location nautique,contact@bat-o-loc.com,contact@bat-o-loc.com
Cap Dream's,https://cap-dreams.com,Location nautique,contact@cap-dreams.com,contact@cap-dreams.com
Rivage Port Camargue,https://www.rivageportcamargue.com,Location nautique,contact@rivage-port-camargue.com,contact@rivage-port-camargue.com
Bianco Sport Nautic,https://biancosportnautic.com,Location nautique,contact@biancosportnautic.com,contact@biancosportnautic.com
JetXtreme Gruissan,https://www.jetxtreme11.com,Location nautique,jetxtremegruissan@gmail.com,jetxtremegruissan@gmail.com
Jet Aventure 66,https://jetaventure.com,Location nautique,contact@jetaventure.com,contact@jetaventure.com
Sunset Jet,https://sunsetjet.fr,Location nautique,contact@sunsetjet.fr,contact@sunsetjet.fr
Bretagne Semi-Rigide,https://www.bretagne-semi-rigide.com,Location nautique,location@bretagne-semi-rigide.com,location@bretagne-semi-rigide.com
Saint-Malo Sailing,https://www.saint-malo-sailing.com,Location nautique,contact@saint-malo-sailing.com,contact@saint-malo-sailing.com
Iloria Bretagne,https://iloria-bretagne.fr,Location nautique,irb@iloria-bretagne.fr,irb@iloria-bretagne.fr
Archipel Services,https://www.archipel-services.com,Location nautique,archipelservices29@gmail.com,archipelservices29@gmail.com
NaviOuest,https://www.naviouest.fr,Location nautique,brest@naviouest.fr,brest@naviouest.fr
Marine Location,https://www.marine-location.fr,Location nautique,contact@marine-location.fr,contact@marine-location.fr
Santarelli Marine,https://www.santarelli-marine.fr,Location nautique,info@santarelli-marine.fr,info@santarelli-marine.fr
Corsica Nautic,https://www.corsica-nautic.com,Location nautique,info@corsica-nautic.com,info@corsica-nautic.com
Corsica Jet,https://www.corsicajet.com,Location nautique,contact@corsicajet.com,contact@corsicajet.com
Jet Sensations Porticcio,https://www.jet-sensations-porticcio.fr,Location nautique,contact@jet-sensations-porticcio.fr,contact@jet-sensations-porticcio.fr
Locanautic,https://www.locanautic.com,Location nautique,locanautic@locanautic.com,locanautic@locanautic.com
Locamarine Propriano,https://www.locamarine.com,Location nautique,locamarine.ce@gmail.com,locamarine.ce@gmail.com
Loca Valincu,https://www.locavalincu.fr,Location nautique,locavalincu@gmail.com,locavalincu@gmail.com
Centre de Plongee Castille Calvi,https://www.plongee-castille.com,Location nautique,plongee.castille@wanadoo.fr,plongee.castille@wanadoo.fr
Corsica Marittima Sagone,https://www.corsicamarittima-sagone.com,Location nautique,contact@corsicamarittima-sagone.com,contact@corsicamarittima-sagone.com
V-Boat Annecy,https://v-boat.fr,Location nautique,contact@v-boat.fr,contact@v-boat.fr
Aventures Nautiques Annecy,https://aventures-nautiques-annecy.fr,Location nautique,contactlab74@gmail.com,contactlab74@gmail.com
Pro Yachting,https://www.proyachting.net,Location nautique,leman.location@proyachting.net,leman.location@proyachting.net
Compagnie des Bateaux du Lac Leman,https://www.bateaux-leman.com,Location nautique,info@bateaux-leman.com,info@bateaux-leman.com
Sud Escapades,https://sudescapades.com,Location nautique,location.sudescapades@gmail.com,location.sudescapades@gmail.com
La BD Pirates,https://www.bdpirates.fr,Location nautique,labdpirates@gmail.com,labdpirates@gmail.com
