NOM,LIEU,MAIL
PrestaMarine,Cogolin,info@prestamarine.com
Nautic Port-Grimaud,Port-Grimaud,contact@mlportgrimaud.fr
Noël Boats,Grimaud,noel@noelboats.com
LM Expériences,Port-Grimaud,contact@lm-experience.com
Lostane,Grimaud,contact@lostane.com
Grimaud Watersports,Grimaud,contact@grimaud-watersports.com
OpenSea Port Grimaud,Port-Grimaud,t.boulier@icloud.com
MEDYACHT,Saint-Tropez,location@med-yacht.com
ANG Yachting,Cogolin,info@ang.fr
Marina des Canoubiers,Saint-Tropez,contact@yachting-maintenance.com
Arthaud Yachting,Cannes,contact@arthaudyachting.com
MilaBoat,Beaulieu-sur-Mer,contact@milaboat.fr
Easy Yachting,Antibes,contact@easy-yachting.fr
Boat Evasion,Cannes,contact@boatevasion.com
Location Bateau Menton,Menton,contact@locationbateaumenton.fr
Sud-Est Nautic,Mandelieu-la-Napoule,info@sud-est-nautic.com
Glisse Paradise,Saint-Laurent-du-Var,contact@glisseparadise.com
Easy Location Bateau,Saint-Laurent-du-Var,easy.location.bateau@gmail.com
Elite Marine Services,Alpes-Maritimes,elitemarine06@gmail.com
Glisse Evasion,Villefranche-sur-Mer,contact@glisse-evasion.com
ABYS Yachting,Antibes,contact@abys-yachting.com
Cannes Jet Location,Cannes,contact@cannesjetlocation.com
Mandelieu Watersports,Mandelieu,contact@mandelieu-watersports.com
Jetski French Riviera,Cap-d'Ail,jetmala@free.fr
Dark Pelican,Beaulieu-sur-Mer,contact@darkpelican.com
AgMaritime,Beaulieu-sur-Mer,info@agmaritime.com
Beaulieu Marine,Beaulieu,contact@beaulieumarine.com
Azur Jet Ski,Antibes,contact@azurjetski.fr
Antibes Bateau Service,Antibes,antibesbateauservice@gmail.com
Antibes Jet Spot,Antibes,contact@antibes-jetspot.com
Water Sports 06,Alpes-Maritimes,contact@watersports06.com
Manautique,Capbreton,manautique@gmail.com
Loc Bateau Côte Basque,Anglet,locbateauanglet@gmail.com
Moby Dick Nautisme,Hendaye,mobydick@mbdck.com
Paral'aile,Saint-Jean-de-Luz,contact@paral-aile.fr
MAPV Location,Anglet,mapvlocation@gmail.com
Memphis Jet,Hendaye,memphisjethendaye@gmail.com
Ab's Boats Plaisance,Bénesse-Maremne,abs.boats.plaisance@orange.fr
BaiBoat,Anglet,contact@baiboat.fr
Location Bateau Arcachon,Arcachon,locationbateauarcachon.fr@gmail.com
CATABAS,La Teste-de-Buch,contact@catabas.fr
Pyla Yachting,Pyla,contact@pylayachting.com
ArcaJetMarine,Arcachon,arcajetmarine@gmail.com
Agence Nautique,Arcachon,contact@agence-nautique.com
Ferret Marine,Gironde,ferretmarine33@gmail.com
Cercle Nautique du Ferret,Lège-Cap-Ferret,cnferret@gmail.com
Charlet Nautic,Biscarrosse,accueil@charletnautic.com
AquaCabana,Biscarrosse,contact@aquacabana.net
Sea Fly,Hourtin,contact@seafly.fun
eXtreme Jet 33,Gironde,extremejet33@gmail.com
Cercle Nautique de Mimizan,Mimizan,contact@cercle-nautique-mimizan.org
La Pagaye,Agay,lapagaye40@gmail.com
AC JET,Sainte-Maxime,contact@ac-jet.fr
Jet One,Sainte-Maxime,contact@jetone.fr
Elite Yachting,Sainte-Maxime,contact@elite-yachting.fr
Sea Fun Boat,Les Issambres,seafunboat@gmail.com
Espace Bleu,Sainte-Maxime,espacebleufr@orange.fr
Holeshot Location,Cavalaire-sur-Mer,contact@holeshot-location.com
Sillage,Cavalaire,contact@sillage-cavalaire.com
Locavalaire,Cavalaire,contact@locavalaire.com
Cavalaire Marine,Cavalaire,cavalairemarine@gmail.com
Marine Plaisance,Cavalaire-sur-Mer,accueil@marine-plaisance.com
Jet Ski Deauville & Ouistreham,Deauville,contact.jetskideauville@gmail.com
North Boat,Le Havre,contact@northboat.fr
Élite Nautik,Cherbourg-en-Cotentin,contact@elitenautik.fr
Hague à Part,Cherbourg,info@hagueapart.com
Promenades en bateau à Honfleur,Honfleur,contact@promenade-en-bateau-honfleur.fr
Nauticpark,Paris,contact@nauticpark.com
Jet Aventure Fréjus,Frejus,contact@jetaventure-frejus.com
Estérel Caravaning Watersports,Saint-Raphaël,contact@esterel-caravaning.fr
Esterel Location Bateaux,Roquebrune-sur-Argens,contact@esterel-location-bateaux.com
Riviera Location Bateau,,contact@riviera-location-bateau.fr
Loca Boat 83,Var,contact@locaboat83.fr
Nautic 83,Var,contact@nautic83.fr
H2O Location,,contact@h2o-location.fr
LA BARCA,Fréjus,info@labarca-location.fr
Luxury Jet 83,Var,luxury-jet-83@orange.fr
Selestiboat,Fréjus,portfrejus@selestiboat.com
Riviera Nautic,Frejus,contact@rivieranautic.com
Take My Boat,Saint-Raphaël,contact@takemyboat.fr
Sea You Sun,Saint-Raphaël,contact@sea-u-sun.fr
Les Bateaux Bleus,Saint-Raphaël,contact@lesbateauxbleus.com
TakSea,Saint-Raphaël,contact@teamyachting.com
AWL Air Water Loisirs,La Rochelle,amrlocation@orange.fr
Jet Royan,Royan,contact@jetroyan.fr
Jet Explorer,Les Sables-d'Olonne,info@jet-explorer.com
Jet Révasion,Charente-Maritime,jetrevasion17@gmail.com
Ragonot Marine,Saint-Martin-de-Ré,info@ragonot-marine.com
Ré Glisse,La Rochelle,rhs.iledere@gmail.com
AZ Nautic,Royan,aznautic@orange.fr
La Rochelle sur l'Eau,La Rochelle,contact@larochellesurleau.com
Pornichet Services Plaisance,Pornic,psp44@orange.fr
Escapade Nature,Port-Saint-Père,contact@escapade-nature.com
Aunis Motonautic,La Rochelle,contact@aunismotonautic.fr
Jet Evasion La Rochelle,La Rochelle,contact@jet-evasion.net
Boyard Croisière,Fouras,contact@boyard-croisiere.com
TEX Location Canoë La Rochelle,La Rochelle,canoelarochelle@gmail.com
CN La Perrotine,Saint-Pierre-d'Oléron,contact@cnperrotine.com
Lau-Ve,Saint-Gilles-Croix-de-Vie,vroulier@guilbaudetfils.fr
Île de Ré Nautisme,Ile de Re,resa@iledere-nautisme.com
Aquatique Location Vendée Jet,Les Sables-d'Olonne,aquatiquelocation@gmail.com
Locabato,Marseille,contact@locabato.fr
Azur Sport Nautique 13,Bouches-du-Rhone,asn13008@gmail.com
LocMyBoat,Marseille,lokaboat@gmail.com
LocBateau,Cassis,contact@locbateau.fr
L'Eden Boat,La Ciotat,contact@ledenboat.com
SO JET,Marseille,reservation@sojet.fr
JCF Boat Services,Cassis,contact@jcfboat.com
Water Sports 13,Bouches-du-Rhone,watersports13@yahoo.fr
B2M Location,Martigues,contact@b2mlocation.com
Palavas Jet-ski,Palavas,contact@palavas-jet-ski.fr
Samy Jetski,Palavas-les-Flots,samyjetski@orange.fr
Randojet,La Grande-Motte,randojet@gmail.com
TF7 Nautic,Sète,contact@tf7nautic.fr
JLC Location,Herault,jlclocationsdebateaux@gmail.com
Bleu Marine Plaisance,Le Cap d'Agde,contact@bleu-marine-plaisance.com
Bat'Ô Loc,Agde,contact@bat-o-loc.com
Cap Dream's,Agde,contact@cap-dreams.com
Rivage Port Camargue,Port-Camargue,contact@rivage-port-camargue.com
Bianco Sport Nautic,Le Grau-du-Roi,contact@biancosportnautic.com
JetXtreme Gruissan,Gruissan,jetxtremegruissan@gmail.com
Jet Aventure 66,Pyrenees-Orientales,contact@jetaventure.com
Sunset Jet,Le Barcarès,contact@sunsetjet.fr
Bretagne Semi-Rigide,Saint-Malo,location@bretagne-semi-rigide.com
Saint-Malo Sailing,Saint-Malo,contact@saint-malo-sailing.com
Iloria Bretagne,Larmor-Plage,irb@iloria-bretagne.fr
Archipel Services,Finistere,archipelservices29@gmail.com
NaviOuest,Brest,brest@naviouest.fr
Marine Location,Porto-Vecchio,contact@marine-location.fr
Santarelli Marine,Ajaccio,info@santarelli-marine.fr
Corsica Nautic,Saint-Florent,info@corsica-nautic.com
Corsica Jet,Porto-Vecchio,contact@corsicajet.com
Jet Sensations Porticcio,Porticcio,contact@jet-sensations-porticcio.fr
Locanautic,Propriano,locanautic@locanautic.com
Locamarine Propriano,Propriano,locamarine.ce@gmail.com
Loca Valincu,Propriano,locavalincu@gmail.com
Centre de Plongee Castille Calvi,Calvi,plongee.castille@wanadoo.fr
Corsica Marittima Sagone,Sagone,contact@corsicamarittima-sagone.com
V-Boat Annecy,Annecy,contact@v-boat.fr
Aventures Nautiques Annecy,Annecy,contactlab74@gmail.com
Pro Yachting,Thonon-les-Bains,leman.location@proyachting.net
Compagnie des Bateaux du Lac Leman,Yvoire,info@bateaux-leman.com
Sud Escapades,Savines-le-Lac,location.sudescapades@gmail.com
La BD Pirates,Prunières,labdpirates@gmail.com
Euroyachts,Bonifacio,fabian@euroyachts.fr
CDS Boat,Porto-Vecchio,contact@cdsboat.com
Cappai Jet,Ajaccio,cappaijet@gmail.com
Nautic Evasion Cargèse,Cargese,nauticevasion@orange.fr
Marinaloc,Propriano,info@marinaloc.fr
Aqualoisirs Corsica,Belvédère-Campomoro,laurent.arneaud@gmail.com
Jet Evasion Saint Florent,Saint-Florent,contact@stflo-jetski.com
Dominique Plaisance,Saint-Florent,dominiqueplaisance@wanadoo.fr
Cap Corse Location,Macinaggio,capcorselocation@outlook.com
Multi Services Plaisance,Porto-Vecchio,multiservicesplaisance@wanadoo.fr
Corsil,Sainte-Lucie-de-Porto-Vecchio,contact@corsil.com
Marine Voile Location,Solenzara,marinevoilelocation@gmail.com
Corse Nautic Service,Sari-Solenzara,info@corsenauticservice.com
Nico Location Bateaux,Aleria,galerialocationbateau@gmail.com
Botti Racing,Porto-Vecchio,bottiracing2a@gmail.com
Tra Mare e Monti,Calvi,red.calvi@wanadoo.fr
Nauticaloc,Ajaccio,sas.nauticaloc@yahoo.com
JPS Aventure,Appietto,contact@jps-aventure.com
Piantarella Nautic,Bonifacio,piantarella-nautic@wanadoo.fr
Corsica Yacht Charter,Ajaccio,contact@corsica-yacht-charter.com
Ajaccio Nautic,Ajaccio,ajaccionautic@orange.fr
Club Nautique d'Aléria,Aleria,cnaleria@gmail.com
Corsica Groom Boat,Propriano,contact@c-g-b.net
Marine Sud Nautic,Porto-Vecchio,info@marinesudnautic.fr
Sun Ship Corse,Porto-Vecchio,sunship@sun-ship.net
Cap Evasion,Luri,magcapevasion@gmail.com
Location 2000,Sagone,contact.location2000@gmail.com
Ajaccio Jet,Ajaccio,contact@ajacciojet.fr
Porto Bateaux Locations,Porto,locationbateauporto@yahoo.com
Chantiers Navals de Bastia,Bastia,infos@cnbastia.com
Les Argonautes,Ruoms,argonautes@descente-ardeche.fr
Canoës Service,Vallon-Pont-d'Arc,canoeservice@ardeche-canoe.com
Evasion Canoë,Ruoms,canoeevasion@orange.fr
Action Midi Sport,Vallon-Pont-d'Arc,infos@kayak-ardeche.com
Itinéraire Passion,Vallon-Pont-d'Arc,contact@itinerairepassion.com
Canoë Dordogne,Vitrac,contact@canoe-dordogne.fr
Canoës Découverte,Vézac,reservation@canoes-decouverte.fr
Canoës Loisirs,Domme,contact@canoes-loisirs.com
Les Canoës du Bournat,Le Bugue,contact@canoe-perigord.com
Bureau des Moniteurs du Gard,Collias,contact@moniteurs-gard.com
La Cazelle,Sainte-Enimie,gerard.e.favier@wanadoo.fr
Locanoe Gorges du Tarn,Lozere,locanoe48@gmail.com
Verdon Canoe,Aiguines,verdoncanoe@gmail.com
Haute Provence Outdoor,Castellane,contact@haute-provence-outdoor.com
Action Aventure Verdon,Castellane,contact@canyoning-rafting-verdon.fr
Canoë Évasion,Fontaine-de-Vaucluse,contact@canoe-evasion.net
Canoë Kayapuna,Saint-Guilhem-le-Désert,contact@canoe-kayapuna.com
Canoë Hérault Vallée des Moulins,Saint-Guilhem-le-Désert,canoe.valleedesmoulins@gmail.com
Canoë Rapido,Saint-Guilhem-le-Désert,contact@canoe-rapido.com
Sioule Loisirs,Saint-Rémy-de-Blot,siouleloisirs@orange.fr
Tonic Aventure,Langeac,contact@tonic-aventure.fr
Escapad'O,Penne,penne.escapado@gmail.com
Nature Escapade,Port-Saint-Père,natureescapade@gmail.com
Cèze Canoës,Goudargues,info@ceze-canoes.fr
Les 7 Rives Canoë Montignac,Montignac,contact@canoe-montignac.com
Base de Loisirs Loire Forez,Saint-Just-Saint-Rambert,b2lf@wanadoo.fr
Canoë Vézère Univerland,Les Eyzies,r.vauret@univerland.eu
APA Canoë Vézère,Saint-Léon-sur-Vézère,apa@canoevezere.com
Nautic Sport,La Trinité-sur-Mer,contact@nautic-sport.com
Rioux Nautique,La Trinité-sur-Mer,contact@rioux-nautique.com
Run'O,La Trinité-sur-Mer,contact@runo.fr
No Limit Yacht,Saint-Philibert,contact@nolimityacht.fr
L'Albatros Nautisme,Concarneau,contact@lalbatros-nautisme.fr
Location Bateaux Bénodet EMI,Benodet,electro.marine@wanadoo.fr
Golfe Nautic,Saint-Gildas-de-Rhuys,golfenautic@orange.fr
Cap sur le Golfe,Vannes,contact@capsurlegolfe.fr
Crouesty Location,Crouesty,info@crouesty-location.com
Brise et Voiles,Damgan,contact@briseetvoiles.com
Vedettes du Golfe,Vannes,contact@vedettes-du-golfe.fr
Vedettes L'Angelus,Locmariaquer,vedettes-angelus@wanadoo.fr
Planète Pêche Groix,Groix,locbateaugroix@bbox.fr
Quiberon Jet,Quiberon,contact@quiberonjet.com
TCH'ILES,Sarzeau,contact@tch-iles.com
Cap Sur Groix,Groix,capsurgroix@gmail.com
Saint-Cado Plaisance,Belz,artno.lh@free.fr
Atlantic Yachting,Lorient,clement.poujade@atlantic-yachting.fr
Kernevel Nautic,Larmor-Plage,info@kernevelnautic.fr
Lokavoile,Quiberon,horizon.sailing.fr@gmail.com
Bleu Rivage,La Trinité-sur-Mer,contact@bleurivage.com
Quiberon Nautic,Quiberon,info@quiberon-nautic.com
Au fil de l'Ô Ilocap,Locmariaquer,info@ilocap.fr
Nautiloc,Arzon,info@nautiloc.fr
MB Marine,Arzon,mbmarine@orange.fr
Prestaboat,Locmiquélic,service@prestaboat.fr
Armor Nautic,Lorient,agencelorient@armor-nautic.com
Vent d'Ouest,Concarneau,vent-douest@wanadoo.fr
Marin d'Eau Douce,Paris,contact@marindeaudouce.fr
Le Site des Péniches,Paris,contact@lesitedespeniches.fr
Bateaux Hisséo,Melun,bateauxhisseo@gmail.com
Les Péniches de Paris,Paris,contact@parispeniches.fr
Location-Peniche,Paris,locationpeniche@allianceevenement.com
Ambiance Seine,Thomery,contact@ambianceseine.com
Croisières en Seine,Paris,contact@croisieres-en-seine.fr
Alliance Événement,Paris,contact@allianceevenement.com
BBQ Boat 77,Lagny-sur-Marne,bbqboat77@gmail.com
Ferté Confluences,La Ferté-sous-Jouarre,contact@ferteconfluences.fr
Les Canalous,Digoin,resa@lescanalous.com
Port de Plaisance de Joinville-le-Pont,Joinville,portdeplaisance@joinvillelepont.fr
Green River Cruises,Paris,info@greenriver-paris.fr
Vedettes du Pont Neuf,Paris,info@vedettesdupontneuf.com
Paris Événement Seine,Paris,contact@paris-evenement-seine.fr
Vedettes de Paris,Paris,info@vedettesdeparis.com
Bleu Seine,Paris,contact@bleuseine.com
Paris en Bateau,Paris,infos@parisenbateau.com
Paris Canal,Paris,infos@pariscanal.com
Bateau Mon Paris,Paris,allocapitaine@bateaumonparis.com
Seine Evénements,Paris,stephane.coulet@seine-evenements.com
Fayolle Plaisance,Nogent-sur-Marne,fayolleplaisance@orange.fr
OFF Paris Seine,Paris,event@offparisseine.com
Quais de Seine,Paris,contact@quais-de-seine.com
Pôle Estuaire Marne et Bois,Champigny-sur-Marne,accueil@pemb.fr
Carteret Yachting,Carteret,carteret.yachting@gmail.com
Grune Sec,Granville,grune.sec@wanadoo.fr
Coutainville Plaisance,Coutainville,coutainville.plaisance@wanadoo.fr
Cotentin Nautic,Saint-Vaast-la-Hougue,contact@cotentin-nautic.com
Cherbourg Plaisance,Cherbourg,contact@cherbourg-plaisance.fr
Albâtre Plaisance,Le Havre,contact@albatre-plaisance.com
Tim'Jet,Saint-Jouin-Bruneval,timtimlocation@ymail.com
Voiles et Galets d'Étretat,Etretat,contact@voilesetgalets.com
MG Nautic,Fécamp,contact@mgnautic.fr
Navigation Normande,Dieppe,dieppe@navigation-normande.fr
Surf'in Pourville,Hautot-sur-Mer,surfinpourville@gmail.com
ITAG,Le Tréport,bateauecole.itag@wanadoo.fr
Les Locations du Canal,,contact@locationscanal.fr
La Canoterie,Saint-Valery-sur-Somme,info@lacanoterie.fr
Va'a en Baie,,vaaenbaie@hotmail.fr
Club Kayak Baie des Phoques,Saint-Valery-sur-Somme,kayakbaiphoq@hotmail.com
Club Nautique Berckois,Berck,loisirsnaut@free.fr
Centre Nautique de la Canche,Etaples,cn.canche@etaples-sur-mer.fr
Voile 62,Pas-de-Calais,antoinerogers@hotmail.fr
Club Nautique de Wimereux,Wimereux,club@cnwimereux.com
Kite Avenue,Wimereux,kiteavenue@gmail.com
Association Porteloise de Glisse,Le Portel,associationporteloisedeglisse@gmail.com
Club Croisière Alidade,Dunkerque,club.croisiere.alidade@gmail.com
Nicols,Cholet,nicols@nicols.com
Le Boat,Castelnaudary,customerservice@leboat.com
Locaboat Holidays,Joigny,info@locaboat.com
France Afloat,Joigny,boats@franceafloat.com
France Passion Plaisance,Vitry-en-Charollais,contact@france-passion-plaisance.fr
Alpha Croisière,,contact@alpha-croisiere.com
CrisBoat,Saint-Julien-l'Ars,contact@crisboat.com
Cap Confluent,Lyon,contact@cap-confluent.com
Emeraude Location,Fourques-sur-Garonne,info@emeraudelocabateaux.fr
Location Pénichette,,meunier.adrien@hotmail.fr
Aquitaine Navigation,Buzet-sur-Baïse,contact@aquitaine-navigation.com
Babou Marine,Cahors,babou.marine@wanadoo.fr
Saône Plaisance,Savoyeux,info@saone-plaisance.com
H2O France,Saint-Jean-de-Losne,h2o@h2ofrance.com
Navig France,Lagarde,contact@navigfrance.com
Rivers and Canals,,riversandcanals.eu@gmail.com
Bretagne Fluviale,Sucé-sur-Erdre,bara.alain@bbox.fr
Les Canalous Alsace,Waltenheim-sur-Zorn,canalous.alsace@gmail.com
Anjou Navigation,Sablé-sur-Sarthe,contact@anjou-navigation.fr
Rivières de l'Ouest,Le Mans,rivieres-ouest@sarthetourisme.com
Rêves de Saône,Saint-Jean-de-Losne,contact@revesdesaone.fr
Chalon Balade Sur Saône,Chalon-sur-Saône,contact@chalonbaladesursaone.com
Base Nautique l'Embarcadère,Saone-et-Loire,l.embarcadere71@yahoo.fr
Bateau Vert Location,Maisod,contact@bateauvertlocation.com
Croisières du Prince Henry,Nérac,contact@croisieresduprincehenry.com
Bateaux pour la Planète,Casseneuil,bateausolaire47@gmail.com
LocaConcept,Mâcon,contact@locaconcept.fr
A-Boat,Golfe-Juan,contact@a-boat.fr
ATI Yachts,Cannes,contact@atiyachts.com
CP Yachting,Antibes,christel@cpyachting.com
Galayacht,Golfe-Juan,contact@galayacht.com
Monaco Yacht Rentals,Monaco,info@monacoyachtrentals.com
Nautibliss,Cannes,asantarelli@nautibliss-yacht.com
Location Bateaux Cannes,Cannes,contact@location-bateaux-cannes.fr
Island Boat,Alpes-Maritimes,islandboat06@gmail.com
212 Yachts,Antibes,info@212-yachts.com
LocBoat,Saint-Laurent-du-Var,contact@locboat.fr
Allied Yachting,Cannes,info@alliedyachting.com
Yacht Me Up Cannes,Cannes,fripouillecannes@gmail.com
Talamare,Sainte-Maxime,contact@talamare.com
A.E.S. Marine,Alpes-Maritimes,aes.plaisance@gmail.com
Mer Yachting Services,Golfe-Juan,contact@meryachting.com
Cannes Boats,Cannes,info@cannes-boats.fr
JB Watersports,Alpes-Maritimes,jbwatersports06@gmail.com
Dream Yachting,Cannes,contact@dream-yachting.com
Pelagia Yachting,Cannes,contact@pelagiayachting.com
Charterminute,Antibes,info@charterminute.com
Simply Boat,Mandelieu-la-Napoule,contact@simplyboat.fr
Jaupart Yachts,Villefranche-sur-Mer,contact@jaupartyachts.fr
WI Yachts,Antibes,info@windward-islands.net
Riviera Yachts,Monaco,charter@rivierayachts.com
Winner Boat,Mandelieu-la-Napoule,info@winnerboat.com
Club Nautique de la Croisette,Cannes,contact@club-nautique-croisette.fr
Riviera Lines,Cannes,croisieres@riviera-lines.com
Riviera Boat Club,Le Cannet,contact@rivieraboatclub.com
Aventure Pluriel,Cagnes-sur-Mer,contact@aventurepluriel.fr
Seasail,Saint-Laurent-du-Var,contact@seasail.fr
Bandol Meca Nautique,Bandol,contact@bandolmecanautique.fr
Bandol Sports Nautiques,Bandol,bsn83@orange.fr
Sanary Jet Ski,Sanary,info@sanary-jetski.fr
Sanaboat,Sanary-sur-Mer,contact@sanaboat.com
Sanary Location Bateau,Sanary,contact@sanary-location-bateau.fr
Bijou Boat,Six-Fours-les-Plages,lekrissy@wanadoo.fr
Le Brusc Marine,Le Brusc,contact@lebruscmarine.fr
Millesabords Nautic,Six-Fours-les-Plages,millesabords-nautic@orange.fr
Sea and Six,Six-Fours-les-Plages,seaandsix@gmail.com
Sea Adventure,Six-Fours-les-Plages,michael@sea-adventure.net
Eau Zone Location,La Seyne-sur-Mer,fred.eauzone@hotmail.fr
New Gliss Saint Cyr Jet Ski,Var,saintcyr.jet@gmail.com
Saint Cyr Marine,Saint-Cyr-sur-Mer,saintcyrmarine@gmail.com
Secure Boat,La Ciotat,contact@secureboat.fr
Sud Marine,La Ciotat,accueil@sudmarine.fr
Magic Boat,La Ciotat,contact@magicboat-laciotat.com
Matt Marine,Châteauneuf-les-Martigues,mathieu@mattmarine.fr
AMS Marine,Sausset-les-Pins,info@amsmarine.com
Bleu Calanque,Marseille,contact@bleucalanque.com
Locamer,Bandol,contact@locamer.pro
Ocean Skull,Six-Fours-les-Plages,oceanskull1@gmail.com
Audemar,Hyères,mer@audemar.com
Iceberg Jet,Hyères,info@iceberg-jet.com
Incentive Jet,Var,incentive83@gmail.com
Locamarine Watersports Aquatiko,Loctudy,locamarine@locamarine.fr
O2cean,Brest,simonxav@orange.fr
Brest Ocean Boat,Brest,contact@brest-ocean-boat.fr
Eridan Naviroise,Brest,contact@eridan-naviroise.com
Breizh Boat,Locmaria-Plouzané,breizh.boat@hotmail.com
CataVoile 29,Finistere,contact@catavoile29.fr
Espace Nature Sabatoux,Montusclat,contact@espacenaturesabatoux.fr
Centre Nautique de Crozon-Morgat,Crozon,info@cncm.fr
Voile Horizons,Douarnenez,contact@voilehorizons.com
Audierne Yachting,Audierne,contact@audierne-yachting.com
Meka Nautique,Locquirec,meka.nautique@gmail.com
Carantec Nautisme,Carantec,contact@carantec-nautisme.com
Carantec Nautic,Carantec,contact@carantec-nautic.fr
EWS Saint-Malo,Saint-Malo,ewssaintmalo@gmail.com
Sumalo,Saint-Malo,contact@sumalo.fr
Loc'Rance,Saint-Malo,location.poeti@gmail.com
Bateau Ecole de Saint-Malo,Saint-Malo,contact@bedsm.fr
Dinard Marine,Dinard,contact@dinardmarine.com
West Marine Dinard,Dinard,info@westmarine.fr
Fil Marine,Saint-Cast-le-Guildo,contact@fil-marine.com
Centre Nautique de Perros-Guirec,Perros-Guirec,centrenautique@perros-guirec.com
Ecole de Voile de Trebeurden,Trebeurden,contact@ecoledevoiletrebeurden.bzh
Armor Loisirs Nautiques,Binic-Étables-sur-Mer,alnautiques@gmail.com
Loc Voile Armor,Saint-Quay-Portrieux,contact@locvoilearmor.com
Krakenn Location,Saint-Quay-Portrieux,krakenn.location@gmail.com
Cras Nautique,Saint-Quay-Portrieux,contact@cras-nautique.fr
EnezTour,Binic,contact@eneztour.fr
Brehat Bateau,Paimpol,contact@brehatbateau.fr
Gourenez Nautic,Lézardrieux,contact@gourenez-nautic.com
Green Boat,Annecy,contact@greenboat-annecy.fr
Green Water Annecy,Annecy,direction@greenwaterannecy.com
Le Deck de Veyrier,Veyrier,contact@ledeck-veyrier.com
Bounty Annecy Location Bateaux,Annecy,info@bountylac.com
Eleman Boat Club,Yvoire,info@eleman.fr
Aqua Léman Nautique,Sciez,info@aqualemannautique.com
Le Doux Nid La Petite Évasion,Chanaz,le.doux.nid@gmail.com
MF Boat Lac du Bourget,Bourget,contact@mfboat-lacdubourget.com
Kahotep Aiguebelette,Aiguebelette,contact@kahotep.fr
Hameau des Pêcheurs,Novalaise,hameaudespecheurs@gmail.com
Baie Boat Serre Ponçon,Serre-Poncon,xavier.cousseau@wanadoo.fr
Lake Surfer,Saint-Vincent-les-Forts,info@lake-surfer.fr
CNA Embrun Serre-Ponçon,Serre-Poncon,cnasp@wanadoo.fr
Surf Center Sainte-Croix,Sainte-Croix,damien@surfcenter.fr
Verdon Electronautic,Quinson,verdonelectronautic@gmail.com
Alizé Electronic,Esparron-de-Verdon,contact@location.alize-electronic.fr
Biké Beach,Saint-André-les-Alpes,ines.bikebeach@gmail.com
Emeraude Nautic Vouglans,Vouglans,emeraudenautic@gmail.com
Magic Nautic Vouglans,Vouglans,magicnautic@gmail.com
Elek Trop Choc Vassivière,Vassiviere,contact@elek-trop-choc-location.fr
Pasielsky Bateaux Pareloup,Pareloup,pasielski@wanadoo.fr
Besset Bateaux Pareloup,Pareloup,besset.fils@wanadoo.fr
Aveyron Location Bateaux Pareloup,Pareloup,aveyronlocationbateaux@gmail.com
Centre Nautique Lac de Madine,Madine,centrenautique@lacmadine.com
FunCenter Lac du Der,Lac du Der,contactfuncenter@gmail.com
Au Fil de l'Eau Lac du Der,Lac du Der,aufildeleau51@gmail.com
Sanguinet Marine,Sanguinet,contact@sanguinetmarine.com
Alpha Marine,Sète,alpha_marine@orange.fr
Jet Rando 34,Herault,espacelocation@yahoo.fr
Jet Evasion 34,Herault,jetevasion.valras@gmail.com
Espace Bateau,Le Grau-d'Agde,spaceboat@gmail.com
Evasion de Thau,Bouzigues,reservation@evasion-thau.fr
Yachting Navigation,Saint-Cyprien,yachting.navigation@gmail.com
Blue Pearl,Marseillan,locationbateaux@yahoo.fr
Nautica Vermeille,Port-Vendres,contact@nauticavermeille.com
St Cyp Jet Evasion,Saint-Cyprien,contact@stcypjetevasion.fr
Jet Roi,Le Grau-du-Roi,contact@jet-roi.com
Jet Ski Giulia,Le Grau-du-Roi,jetski.giulia@gmail.com
Barcajets,Ares,barcajets@gmail.com
Passion Yachting,Gruissan,francis@passion-yachting.com
Navisud,Argeles,navisud_66@yahoo.fr
Jet-Surf Barcarès,Ares,jetsurfbarcares@gmail.com
Nauti Parc,Herault,nautiparc34@hotmail.fr
Aqua Turtle,Herault,aqua34turtle@gmail.com
Sun Jets 66,Pyrenees-Orientales,sunjets66@gmail.com
Cap Caraïbes Loisirs,Sète,info@capcaraibes-loisirs.com
66Nautic,Pyrenees-Orientales,postmaster@66nautic.fr
Locarama,Le Barcarès,contact@locarama.fr
Escale Sétoise,Sète,contact@escalesetoise.com
Centre Nautique du Cap d'Agde,Cap d'Agde,contact@centrenautique-capdagde.com
Flamingo Boats,Herault,flamingo.boats34@gmail.com
Fly66,Pyrenees-Orientales,contact@fly66.fr
Aloha Jet,Leucate,contact@aloha-jet.fr
Leucate Jet Ski,Leucate,ljsbooking@gmail.com
NO By The Sea,Noirmoutier-en-l'Île,embarquez@nobythesea.com
FullJet,L'Épine,contact@fulljet.fr
Glisse Events,Noirmoutier,glisseevents@gmail.com
Atlantic Loisirs Oléron,Oleron,contact@atlanticlo.fr
Planète Nautic,Saint-Georges-d'Oléron,contact@planete-nautic.fr
Espace Nautique,Saint-Georges-d'Oléron,contact@espacenautique.fr
Antioche Nautisme,Saint-Denis-d'Oléron,antiochenautisme@gmail.com
Oleron Croisières,Oleron,info@oleron-croisieres.fr
Le Loup des Mers,Châtelaillon-Plage,contact@leloupdesmers.fr
Chatelaillon Jet Club,Chatelaillon,chatelaillonjetclub@gmail.com
Jet Marine,Marennes,contact@jet-marine.fr
Jet Alizé,Les Mathes,contact@jetalize.fr
Voile et Vie,Saint-Hilaire-de-Riez,voileetvie@gmail.com
Saint Gilles Jet Ski,Saint-Gilles,stgillesjetski@gmail.com
AG Nautic,Saint-Gilles-Croix-de-Vie,agnauticvendee@gmail.com
Breti Loc Mer,Brétignolles-sur-Mer,info@bretilocmer.fr
Atlantic Jet Ski,Vendee,atlanticjetski85@gmail.com
Loc'Atlantique,Talmont-Saint-Hilaire,contact@loc-atlantique.com
Ouest Sea Zone,La Tranche-sur-Mer,ouestseazone@gmail.com
HydéO nautic,Pornic,contact@hydeonautic.fr
Espace Aventures,Pornic,espaceaventures@gmail.com
Le Brigantin,Hyères,bateaucroisiere.lebrigantin@gmail.com
Delta Jet,Loire-Atlantique,deltajet44@outlook.fr
Jet Ski Préfailles,Prefailles,jetski.prefailles@gmail.com
Cormorane,Saint-Michel-Chef-Chef,contact@cncormorane.com
Punch Croisières,Le Marin,contact@punch-croisieres.com
ACM Caraïbes,Le Bois-d'Oingt,commercial@acm-caraibes.com
RM Croisières,Le Marin,rmcroisieres@live.fr
Mermer Location,Le Marin,info@mermerlocation.com
Land and Sea,Les Trois-Îlets,contact@landandsea.fr
Boat and Chill,Les Trois-Îlets,contact@boatandchill.fr
Kata Mambo,Les Trois-Îlets,contact@kata-mambo.com
Alternative Sailing,La Trinité-sur-Mer,contact@alternative-sailing.com
Côte au Vent,Le François,contact@coteauvent.fr
Les Ballades du Delphis,Martinique,contact@catadelphis.com
Fonds Blancs Privilèg'G,Martinique,cagnet.gerald@hotmail.fr
Loisirs Nautiques Sainte-Anne,Sainte-Anne,loisirs.nautiques@gmail.com
Jet 7 Martinique,Martinique,jet7972@gmail.com
Régis Guillemot Charter,Le Marin,contact@regisguillemot.com
Tropic Voile,Saint-Pierre,contact@tropicvoile.fr
Skipper Antilles,Le Marin,skipperantillescharter@gmail.com
Gwada Marine,Gourbeyre,gwadamarine@outlook.fr
Uhaina Croisières,Guadeloupe,uhainacroisieres@gmail.com
Sun Jet Guadeloupe,Guadeloupe,contact@sunjet-guadeloupe.com
Jet Adventure Guadeloupe,Guadeloupe,jetadventure971@gmail.com
OceanMust,Gustavia,contact@oceanmustsbh.com
MasterSki Pilou,Gustavia,contact@masterski-pilou.com
Saint Martin Boat Charter,Saint-Martin,info@saint-martin-boat-charter.com
Love Boat SXM,,booking@loveboatsxm.com
Infinity Boat Charters,Saint-Martin,info@infinityboatcharters.com
Day Yacht Charters,,info@dayyachtcharters.com
Aquitaine Pêches Sportives,Arcachon,florent.surot@gmail.com
Lalule Christophe Lhamas,La Rochelle,christophe.lhamas@neuf.fr
Le Minot des Mers,Sausset-les-Pins,leminotdesmers@gmail.com
Captain Guillaume,Charente-Maritime,captainguillaume17@gmail.com
La Messaline,Les Sables-d'Olonne,bateau.messaline@gmail.com
Vendée Sports Océan,Brétignolles-sur-Mer,contact@vendeesportsocean.com
Catamaran Picardie,Picardie,contact@catamaranpicardie.com
Normandie Pêche Sportive,Creully-sur-Seulles,correjer@hotmail.fr
Aventure Pêche Bretagne,Roscoff,contact@aventurepechebretagne.com
Mickaël Rio Guide de Pêche,Morbihan,mickael.rio56@orange.fr
Pêche Evasion 22,Cotes-d'Armor,evasion-22@orange.fr
Speedfishing,Saint-Cyr-sur-Mer,speedfishing@dreams-group.fr
Quiberon Fishing,Quiberon,contact@quiberon-fishing.com
Latitude Peche,Hyères,latitudepeche@gmail.com
Croisière Saint-Jean-de-Luz,Saint-Jean-de-Luz,luzcroisiere@gmail.com
Santa-Maria Pêche,Concarneau,santamariapeche@wanadoo.fr
Cédro Guide de Pêche,Charente-Maritime,cedric.leturcq17@gmail.com
Normandie Seabass Addict,Le Havre,normandieseabassaddict@gmail.com
Médoc en Mer,Le Verdon-sur-Mer,contact@medoc-en-mer.fr
Maezya Fishing,Frontignan,maezyafishing@gmail.com
Fabien Fernandez Fishing,Marseillan,contact@fabien-fernandez-fishing.com
Sète Fishing 34,Sete,setefishing34@gmail.com
Peche Calanques,Cassis,peche.calanques@gmail.com
Pêche Belle-Ile,Belle-Ile,arnaud@peche-belleile.com
Obsession Pêche,Marseillan,contact@obsessionpeche.fr
Twin Pêche Sportive,Golfe-Juan,contact@twinpechesportive.fr
Pêche au Bar Morbihan,Arzon,lemareloic@gmail.com
Cordouan Pêche Évasion,Royan,info@cordouan-peche-evasion.com
Top'là,Arcachon,topla.location@gmail.com
Presqu'île Locations,Le Pouliguen,presquilelocations@gmail.com
JET LOCATIONS,Le Pouliguen,jetlocations@gmail.com
Jet n' Gliss,Piriac-sur-Mer,info@jet-gliss.fr
Flyjet33,Gironde,jetski@flyjet33.com
100% Jet-Ski,Saint-Georges-de-Didonne,contact@100pour100-jetski.fr
Le Croisic Boat,Le Croisic,contact@lecroisicboat.com
Dolphin Jet,Lège-Cap-Ferret,contact@dolphinjet.com
Bordeaux Jet,Bordeaux,contact@bordeauxjet.com
Elvine Plaisance,Arcachon,contact@elvineplaisance.fr
Jet 33,Gironde,jet33arcachon@yahoo.fr
Jet Fly Evasion,Soulac-sur-Mer,info@jetflyevasion.fr
Boat Access,Andernos-les-Bains,contact@boataccess.fr
Location Bateaux Gérardmer,Gerardmer,ronhi93@msn.com
Bateaux Monteynard,Monteynard,bateauxmonteynard@gmail.com
Plaisilac,Paladru,plaisilac@gmail.com
Rondin Parc,Lozere,contact@rondinparc.com
Bateau L'Étoile,Gérardmer,contact@bateau-letoile.fr
La Loc du Lac,Mayres-Savel,lalocdulac@gmail.com
Centre Sportif et Nautique de Soustons,Soustons,activites@isleverte.fr
Sancy Loisirs,Chambon,mireilledelmas1@gmail.com
Les Calicobas,Hourtin,lescalicobas@gmail.com
Pedaloun,Landes,pedaloun40@gmail.com
Loisirs et Sensations,Parentis-en-Born,loisirsandsensations@gmail.com
Bateau École de Maubuisson,Lacanau,bateauecole.maubuisson@live.fr
Grandeur Nature,Lozere,contact@grandeurnature48.com
Plein R Loc Paddle Center,Hourtin,plein.r.loc@live.fr
Chez Gisou Loisirs Nautiques,Finistere,sandra.vital29@icloud.com
Base Nautique de la Ganguise,Ganguise,cv.ganguise@gmail.com
Île Chambod,Hautecourt-Romanèche,contact@cerdonvalleedelain.fr
La Cabane au bord du Lac,Mizoën,dode.yannick@gmail.com
Base Natur'O Lac de Bouzey,Bouzey,contact@base-naturo.fr
Activital Lac des Settons,Settons,settons@activital.net
Pédaloc,Hourtin,pedaloc@yahoo.fr
École de Voile du Lac d'Aydat,Aydat,voile.aydat@clermontauvergnetourisme.com
Maubuisson Nautic,Maubuisson,tkgenevois@gmail.com
J'M Voile,Sanguinet,info@jmvoile.com
Base Nautique Savel Monteynard,Monteynard,bnsm.info@gmail.com
Locvoilier,Marseille,contact@locvoilier.com
Midi Nautisme,Marseille,info@midi-nautisme.com
Yachting Boat 13,Bouches-du-Rhone,contact@yachtingboat13.fr
Maritima Sailing,,info@maritima-sailing.com
MCS Catamarans,Sète,mcscatamarans@gmail.com
Vents de Mer,Redon,info@ventsdemer.fr
Yachting Events,Cassis,contact@yachting-events.com
EuroNautic Port-Camargue,Port-Camargue,euronautic30@gmail.com
Sud Plaisance,Marseille,sebastien.moutte@sud-plaisance-consulting.com
Seaways Yachting,Golfe-Juan,info@seaways-yachting.com
Bateau Mikael,Le Lavandou,trident.croisiere@gmail.com
Locasail,Bandol,marilyn@locasail.com
Blue Wave,Toulon,info@blue-wave.fr
Nomad Catamaran,Mandelieu-la-Napoule,info@nomadcatamaran.com
Catamaran Rina,Port-Vendres,catamaranrina@gmail.com
Evasion Yachting,Saint-Mandrier-sur-Mer,info@evasion-yachting.com
Catamaran Longo Mai,Sete,contact@catamaran-longomai-sete.fr
Sete Croisieres,Sete,setecroisieres@aol.com
Multi-Croisieres,Macinaggio,contact@multicroisieres.com
Dream Yacht Charter,Saint-Mandrier-sur-Mer,contact@dreamyachtcharter.com
Catamaran Lucile Experience,La Grande-Motte,accueil@catamaran-lucile-experience.com
AllBoatLocation,La Reunion,allboat974@gmail.com
JetSki974,La Reunion,contact@jetski974.com
Lady la Fée,Saint-Paul,contact@ladylafee.re
Catamaran Maloya,Le Port,contact@fyb.re
Namaste Catamaran,Le Port,info@namastecatamaran.re
Grand Bleu Croisières Découvertes,Saint-Gilles,resa@grandbleu.re
Total JetSki,,webmaster@totaljetski.fr
Funky Jet,Saint-Leu,contactfunkyjet@gmail.com
Creolialoc,La Reunion,creolialoc974@gmail.com
CocoBoat Mayotte,Mayotte,cocoboatmayotte@gmail.com
Maore Jet,Dzaoudzi,contact@maorejet.com
Lagon Aventure,Pamandzi,lagonaventure@gmail.com
Sea Blue Safari,Mamoudzou,seabluesafari@orange.fr
Lagon Maore,Jard,contact@jardinmaore.com
San Paulu,Lège-Cap-Ferret,sanpaulu@orange.fr
CNC Chantiers Navals de Calvi,Calvi,info@cncalvi.com
Jet Loc Balagne,L'Île-Rousse,info@jetloc.fr
Presta Corsica,Solenzara,prestacorsica@gmail.com
Balagne Aventures Corsica,Lumio,infos@balagne-aventures-corsica.com
Nautimarine,L'Île-Rousse,nautimarine@nautimarine.com
MA Nautic,Saint-Florent,contactmanautic@gmail.com
CSLN Cassis Kayak,Cassis,reservation.csln@gmail.com
La Cabane à Gliss,Palavas-les-Flots,lacabaneagliss@orange.fr
Yak'Ocean,Arcachon,contact@yakocean.com
Surf and SUP House,Lège-Cap-Ferret,salsifi.ass@gmail.com
Glaz Évasion,Plouguerneau,glazevasion@gmail.com
Emeraude Aventure,Saint-Malo,contact@emeraude-aventure.com
Cotentin Kayak,Cherbourg-en-Cotentin,cotentin.kayak@wanadoo.fr
ASN Quiberon,Quiberon,contact@asnquiberon.com
Antioche Kayak,Fouras,kayakdemer@antioche-kayak.com
Aqua Sport Evasion,Blonville-sur-Mer,csplocation@gmail.com
NaturEvasion,Saint-Antonin-du-Var,s.fichera@naturevasion.com
Cercle de Voile du Cap Leucate,Leucate,contact.voile@cercledevoile.com
Salicorne SUP,Saint-Pierre-d'Oléron,salicorne.sup@gmail.com
La Cabane Verte,Le Bois-Plage-en-Ré,lacabaneverte@gmail.com
Cas'Eneuve Maxi Catamaran,Cogolin,contact.catarose@gmail.com
Paddle Escap'Agde,Agde,paddleescapagde@gmail.com
PNVB,Cannes,contact.pnvb@gmail.com
Kayak Attitude Marseille,Marseille,kayakattitude@yahoo.fr
Eolia Normandie Omaha Beach,Colleville-sur-Mer,omaha-beach.eolia-normandie@orange.fr
LOKAYAK,Cassis,contact@lokayakcassis.com
Calanc'O Kayak Paddle,,contact@calanco-kayak-paddle.com
Diabolo Fun,Saint-Denis-d'Oléron,contact@diabolofun.com
Oléron Stand Up Paddle,Oleron,oleron.sup@gmail.com
Base Nautique de Théoule sur Mer,Theoule-sur-Mer,base.nautique@ville-theoulesurmer.fr
CFC Voilier Location,La Trinité-sur-Mer,info@voilier-location.com
Belle Croisière,La Baule,info@belle-croisiere.com
Yacht Gavrinis,Vannes,capitaine@yacht-gavrinis.com
47 Nautik,Séné,contact@47nautik.com
GMC Voile,Vannes,contact@gmcvoile.fr
SAILOE,Larmor-Plage,charter@sailoe.com
Voiles d'Exception,Marseille,contact@voilesdexception.com
Etoile Marine Croisieres,Le Marin,saintmalo@etoile-marine.com
Pytheas Sailing,Saint-Malo,pytheas.sailing@gmail.com
Des Voiles et des Catas,Arcachon,voile.catas@gmail.com
PZ Sailing,La Rochelle,contact@pzsailing.fr
Cap au Large,Sète,contact@capaularge.com
FreeSailing,La Rochelle,contact@freesailing.fr
Yaka Partir,La Rochelle,bonjour@yakapartir.com
La Voile Pour Tous,La Rochelle,lavoilepourtous@orange.fr
Sail Away Voilier et Croisiere,La Rochelle,contact@sail-away.fr
La Baule Nautic,La Baule,info@labaulenautic.com
Téléski Nautique du Gers,Gers,tngcablepark@gmail.com
Parasailing 66,Pyrenees-Orientales,parasailing66@gmail.com
Cannes Parachute,Cannes,cannesparachute@gmail.com
Le Plan d'Eau Ski Nautique Cazaux,La Teste-de-Buch,raoul.gabriel@me.com
WAM PARK,Porte-de-Savoie,contact@wampark.fr
Téléski Nautique 44,Loire-Atlantique,contact@tsn44.com
WakePark Plessé,Plessé,contact@wakeparkplesse.com
La Source Wake Park,Carbonne,contact@lasourcewakepark.fr
BZH Wakepark,Dolo,bzhwakepark@gmail.com
Amiens Cable Park,Amiens,contact@amienscablepark.com
Sanguinet Wake School,Sanguinet,sanguinetwakeschool@gmail.com
Ski Nautique Club Sevrier Annecy,Annecy,contact@annecyskinautique.com
H2O Kite Biscarrosse,Biscarrosse,contact@h2okite.com
Wake Arena Annecy,Annecy,contact@wakearena-annecy.com
Osmosia Wakepark,Virelade,gradttom@gmail.com
Ski Club Nautique de Serre-Ponçon,Serre-Poncon,scnsp05@gmail.com
Nautic B Serre-Ponçon,Serre-Poncon,nauticbaie@gmail.com
Sports et Loisirs Nautiques du Ponant,La Grande-Motte,slnpgdm@yahoo.fr
Lakecity,Mios,contact@lakecity.fr
Dahu Wake Park,Sablons,reservation@dahuwakefamily.com
Paradise Water Sports,Mandelieu-la-Napoule,contact@paradise-water-sports.fr
Location Picardie Boat,Picardie,locationpicardieboat@gmail.com
O'Paddle d'Olt,Sainte-Eulalie-d'Olt,opaddledolt@gmail.com
Safari Aïd,Vayrac,safaraid@wanadoo.fr
Ardennes Nautisme Pont à Bar,Dom-le-Mesnil,info@ardennes-nautisme.com
Kuhnle Tours,Niderviller,info@kuhnle-tours.de
Les Canotiers,Port-d'Envaux,contact@les-canotiers.fr
Rand'eau Loisirs,Moissac,randeau-ck@wanadoo.fr
Albi Croisières,Albi,contact@albi-croisieres.com
Port de Roanne,Roanne,port.roanne.eau@suez.com
Le Héron des Raspes,Le Viala-du-Tarn,contact@herondesraspes.fr
Le Duc des Chauvières,Château-Gontier-sur-Mayenne,contact@leducdeschauvieres.com
Doubs Plaisance,Besançon,doubsplaisance@sdh-epsms.fr
Aventure Nautique 72,Sarthe,aventurenautique72@gmail.com
Les Croisières de Saint-Cirq-Lapopie,Bouziès,fanny@lot-navigation.com
Bateaux Sans Permis,Montpellier,contact@bateaux-sans-permis.com
Filovent,Boulogne-Billancourt,info@filovent.com
L'Atelier de la Mer,Marseille,info@atelierdelamer.com
Atoll Plongée,Marseille,info@atollplongee.com
Cassis Calanques Plongée,Cassis,contact@cassis-calanques-plongee.com
Narval Plongée,Cassis,fabienne2k6@narval-plongee.fr
GPES,La Ciotat,contact@gpes.fr
Bandol Plongée,Bandol,contact@bandol-plongee.com
Club Plongée de Saint Mandrier,Saint-Mandrier,cpsm83430@gmail.com
Saphir Plongée,Hyères,info@saphirplongee.fr
Mio Palmo Plongée,Hyères,hyeres@miopalmoplongee.com
Lavandou Plongée,Le Lavandou,info@lavandou-plongee.com
Agathonis Plongée,Saint-Raphaël,contact@agathonisplongee.com
Clem Plongée,Saint-Raphaël,clemplongee@mail.com
Bleu Plongée Antibes,Antibes,contact@bleuplongeeantibes.org
Nice Diving,Nice,nicediving@gmail.com
CIP de Nice,Nice,info@cip-nice.com
Rand'eau Évasion,Villefranche-sur-Mer,contact@randeauevasion.com
Eurêka Plongée,Cap d'Agde,contact@eurekaplongee.com
Abyss Plongée,Cap d'Agde,contact@abyssplongee.com
CAPES Plongée,Cap d'Agde,xav_plonge@yahoo.fr
Plongée Bleue,Banyuls-sur-Mer,contact@plongeebleue.com
Isula Plongée,Ajaccio,isula-plongee@orange.fr
A l'Eau Plongée,Ajaccio,contact@aleauplongee.com
Maeva Plongée,Porticcio,maeva.plongee@gmail.com
Bonifacio Plongée,Bonifacio,contact@bonifacioplongee.corsica
Oxygène Plongée,Porto-Vecchio,oxygeneplongee@gmail.com
Porto-Vecchio Plongée,Porto-Vecchio,contact@portovecchioplongee.fr
Kalliste Plongée,Porto-Vecchio,info@lekalliste-plongee.corsica
Calvi Plongée,Calvi,calviplongee@gmail.com
Epic Plongée,Calvi,info@epic-plongee.com
Actisub,Saint-Florent,actisub@yahoo.fr
Cercle Nautique de Loctudy,Loctudy,info@cnloctudy.com
Centre Nautique du Guilvinec,Le Guilvinec,centrenautiqueduguilvinec@gmail.com
Centre Nautique Fouesnant Cornouaille,Fouesnant,contact@cnfc.fr
Centre Nautique d'Erquy,Erquy,cnerquy@gmail.com
Centre Nautique de Pleneuf-Val-Andre,Pléneuf-Val-André,accueil@cnpva.com
Centre Nautique de Saint-Cast,Saint-Cast-le-Guildo,contact@centre-nautique-saint-cast.fr
Cercle Nautique de la Ria d'Etel,Étel,contact@cercle-nautique-etel.fr
Ecole de Voile du Fogeo,Arzon,contact@lefogeo.com
Surf School Saint-Malo,Saint-Malo,contact@surfschool.org
OSEN Saint-Malo,Saint-Malo,contact@osensaintmalo.fr
Wishbone Club Dinard,Dinard,wcdinard@gmail.com
Yacht Club Saint Lunaire,Saint-Lunaire,ycsl@ycsl.net
Centre Nautique Est Cotentin,Saint-Vaast-la-Hougue,contact@centre-nautique-est-cotentin.fr
Centre Nautique de la Cote d'Albatre,Veulettes-sur-Mer,port@cote-albatre.com
Voiles de Nacre,Langrune-sur-Mer,contact@voilesdenacre.fr
Centre Nautique OCEAN,Ouistreham,contact.ocean14@gmail.com
Pole Nautique de l'Estuaire de la Dives,Dives-sur-Mer,polenautique@ncpa.fr
Yacht Club Boulonnais,Boulogne-sur-Mer,contact@ycb.fr
Centre Nautique de la Baie de Canche,Le Touquet,voile@letouquet.com
Alizé Arnaud Surf School,Hossegor,contact@alizearnaudsurfschool.com
Hossegor Surf Club,Hossegor,contact@hossegor-surfclub.com
Capsurf,Capbreton,contact@capsurf.com
Les Vagues Surf,Capbreton,lesvaguessurf@gmail.com
Aloha École de Surf,Seignosse,contact@aloha-ecoledesurf.com
Authentique École de Surf,Seignosse,contact@authentique-ecoledesurf.com
L'Esquiro Surf Shop,Seignosse,lesquiro40510@orange.fr
La Vague Basque,Biarritz,vaguebasque@yahoo.fr
Lagoondy,Biarritz,contact@lagoondy.com
Bidart Surf Academy,Bidart,bidartsurfacademy@gmail.com
Rainbow Surf School,Anglet,contact@ecoledesurf-rainbow.com
Ecole de Surf Côte Française,Anglet,anglet@ecoledesurf.com
NewSchool Surf,Hendaye,info@newschoolsurf.com
Ecole de Surf Hendaia,Hendaye,info@ecoledesurf-hendaye.com
Ecole de Surf Quiksilver Saint-Jean-de-Luz,Saint-Jean-de-Luz,info.ecoledesurf@gmail.com
Hurley Surf Club,Lacanau,contact@ecoledesurf-lacanau.com
Big Mama Surfschool,Lacanau,bigmamasurfschool@gmail.com
Matahari Surf School,Lacanau,mataharisurfshop@gmail.com
Cap Ferret Surf School,Lège-Cap Ferret,info@capferretsurfschool.com
Ecole Surf Grand Crohot,Lège-Cap Ferret,grandcrohotsurfschool@gmail.com
ESCF Ecole Surf Cap Ferret,Lège-Cap Ferret,surf-cap-ferret@hotmail.fr
Sama-Sama Ecole de Surf Mimizan,Mimizan,sama.sama.mimizan@gmail.com
La Vigie,Biscarrosse,lavigie-surf40@wanadoo.fr
Octopus Glisse,Les Sables-d'Olonne,octopusglisse@gmail.com
Riding Factory,Saint-Hilaire-de-Riez,contact@ridingfactory.fr
SG Surf,Saint-Gilles-Croix-de-Vie,contact@sg-surf.com
Surfing Saint-Gilles,Saint-Gilles-Croix-de-Vie,contact@surfing-stgilles.com
La Vagabonde Surf School,Saint-Gilles-Croix-de-Vie,contact@lavagabondesurfschool.fr
Nature School Quiberon,Saint-Pierre-Quiberon,natureschoolquiberon@gmail.com
ESB La Torche,Plomeur,info@twenty-nine.com
La Base Nautique de Saint-Jean-de-Monts,Saint-Jean-de-Monts,nautisme@saint-jean-de-monts.com
Maximum Glisse,L'Épine,contact@maximumglisse.com
Ocean Players Ecole de Voile du Bouil,Longeville-sur-Mer,contact@oceanplayers.fr
Hissez-Haut École de Voile,Barbâtre,hissez.haut.barbatre@gmail.com
SEMVIE Nautisme Base de Boisvinet,Saint-Gilles-Croix-de-Vie,contact@saintgillescroixdevie-nautisme.fr
Wave School,La Tranche-sur-Mer,waveschool85@gmail.com
Centre Nautique de Saint-Brévin,Saint-Brévin-les-Pins,centrenautique@saint-brevin.fr
Cercle Nautique La Baule Le Pouliguen Pornichet,Le Pouliguen,contact@cnbpp.fr
Club Nautique de Mazerolles,Sucé-sur-Erdre,contact@cnmaz.fr
Yacht Club Oléron,Saint-Denis-d'Oléron,bureauyco@gmail.com
Wind Oléron Club,Dolus-d'Oléron,info.windoleronclub@gmail.com
Base Nautique La Palmyre,Les Mathes,contact@basenautiquelapalmyre.com
Centre Nautique Charline Picon,La Tremblade,nautisme@latremblade.fr
Club Nautique Rochefortais,Rochefort,contact@cnrochefort.fr
Club Nautique de Port des Barques,Port-des-Barques,cnpb17@gmail.com
Cercle Nautique de Fouras,Fouras-les-Bains,cerclenautiquefouras@netc.fr
Club Nautique de Châtelaillon-Plage,Châtelaillon-Plage,info@cn-cp.fr
Cercle de la Voile d'Arcachon,Arcachon,contact@voile-arcachon.org
Voile Lacanau Guyenne,Lacanau,cvlg@orange.fr
Chamoulou,Lacanau,chamouxantoine@gmail.com
Nautilclub,Gastes,postmaster@nautilclub.com
Pôle Nautique de Soustons Plage,Soustons,pnsp-direction@orange.fr
Yacht Club Landais,Hossegor,accueil.yachtclublandais@gmail.com
Yacht Club Basque,Saint-Jean-de-Luz,contact@ycbasque.org
Spi en Tête,Hendaye,haizea@spientete.com
École de Voile Municipale de Brétignolles,Brétignolles-sur-Mer,ecoledevoile@bretignollessurmer.fr
Club de Voile de Bonifacio,Bonifacio,info@ecole-windsurf.com
La Voile de Cavalière,Le Lavandou,contact@lavoilecavaliere.com
Club Var Mer,Saint-Laurent-du-Var,contact@clubvarmer.fr
Cercle de Voile de Marseillan,Marseillan,cvmarseillan@free.fr
Société des Régates d'Antibes,Antibes,ecoledevoile@sr-antibes.fr
Yacht Club de la Grande Motte,La Grande-Motte,ycgm@ycgm.fr
International Yacht Club de Hyères,Hyères,iych@orange.fr
COYCH,Hyères,contact@coych.org
Cercle Nautique de Palavas,Palavas-les-Flots,cn.palavas@wanadoo.fr
Base Nautique Mare e Vela,Coti-Chiavari,mare.e.vela@orange.fr
Société Nautique de La Ciotat,La Ciotat,base-nautique13@orange.fr
Centre Nautique Municipal de Saint-Raphaël,Saint-Raphaël,centre.nautique@ville-saintraphael.fr
Société Nautique de Narbonne,Narbonne,contact@snnarbonne.com
Club Nautique de Saint-Raphaël,Saint-Raphaël,club@cnsr.fr
Yacht Club de Six-Fours,Six-Fours-les-Plages,contact@ycsixfours.com
Société Nautique de Bandol,Bandol,club@snbandol.com
Centre Nautique de Saint-Mandrier,Saint-Mandrier-sur-Mer,contact@cn-saintmandrier.fr
Yacht Club Pointe Rouge,Marseille,secretariat@ycpr.net
Centre Nautique Les Voiles de Lérins,Mandelieu-la-Napoule,centrenautique@mairie-mandelieu.fr
Club Nautique Canet Perpignan,Canet-en-Roussillon,contact@voileca.net
Centre Nautique de la Ville de Sète,Sète,centrenautique@ville-sete.fr
Club Nautique de Macinaggio,Macinaggio,zamur@wanadoo.fr
Pôle Nautique Gruissan Méditerranée,Gruissan,gruissan@akila-centers.com
Club Nautique de Port-Miou,Cassis,cnpm@sfr.fr
Yacht Club de Villeneuve-Loubet,Villeneuve-Loubet,contact@ycvl.fr
Centre Nautique de la Ville de Menton,Menton,contact@voile-menton.fr
Club Nautique de Sainte-Maxime,Sainte-Maxime,cnsm83021@gmail.com
Hippo École de Plongée,Lège-Cap-Ferret,contact@plongeehippo.com
Sam Diving,Soubise,samdiving@orange.fr
PlanetOcean,Hendaye,contact@planetocean.fr
Odyssée Bleue Socoa,Ciboure,odysseebleuesocoa@live.fr
Centre Haliotis Plongée,Saint-Pierre-Quiberon,contact@haliotisplongee.com
Koréjou Plongée,Saint-Pabu,korejouplongee@wanadoo.fr
Centre de Plongée ISA,Crozon-Morgat,centre.isa@gmail.com
CSAM Plongée,Brest,csamplongee29@gmail.com
Saint-Malo Plongée Émeraude,Saint-Malo,infos@saintmaloplongee.com
CSCE Saint-Malo,Saint-Malo,cscestmalo-webmaster@outlook.fr
Le Nautilus Plongée Île de Ré,Saint-Martin-de-Ré,nautilus.plongee.re@gmail.com
ABC Dive,Les Trois-Îlets,abcdive972@gmail.com
Martinique-Plongée,Les Trois-Îlets,martiniqueplongee972@gmail.com
DIAJ Plongée,Le Carbet,diaj.plongee@gmail.com
CIP Guadeloupe,Bouillante,contact@guadeloupe-cip.com
Atlantis Plongée,Bouillante,contact@atlantisplongee.com
Nautica Plongée Caraïbes,Bouillante,contact@nauticaplongee.fr
PPK Plongée,Bouillante,ppkplongee@orange.fr
Gecko Bleu,Saint-Gilles-les-Bains,geckobleuplongee@gmail.com
Escapade Plongée,Saint-Gilles-les-Bains,contact@escapadeplongee.com
Plongée Salée,L'Étang-Salé,contact@plongeesalee.com
Scubananas Réunion Plongée,Saint-Leu,contact@reunionplongee.com
Le Lagon Maoré,Chirongui,info@lagonmaore.com
Nyamba Club,Pamandzi,nyamba-club@orange.fr
CSH Granville-Chausey,Granville,communication-granville@jeplonge.org
ASAL Plongée,Lorient,asal.plongee@gmail.com
Pisquettes,Terre-de-Haut,plongee@pisquettes.com
La Plongée Caribéenne,Saint-François,jml@plongeeguadeloupe.com
Donville Évasion Plongée,Granville,donvilleevasionplongee@gmail.com
Compagnie des Bateaux Lyonnais,Lyon,contact@lesbateauxlyonnais.com
Modulo,Lyon,commercial@restaurant-modulo.fr
Lyon By Boat,Lyon,contact@lyonbyboat.com
Péniche Le Royal,Bordeaux,contact@penicheleroyal.fr
Batorama,Strasbourg,event@batorama.com
Bateaux de l'Ill,Strasbourg,bateauxdelill@gmail.com
Les Bateaux Toulousains,Toulouse,contact@bateauxtoulousains.com
Péniche Saint-Louis,Toulouse,contact@peniche-saint-louis.fr
Bateaux Nantais,Nantes,communication@bateaux-nantais.fr
Nantalot,Nantes,contact@nantalot.fr
Marine et Loire,Nantes,contact@marineetloire.fr
Péniche Carpe Diem,Nantes,captain@carpediem-nantes.fr
Péniche Laléa,Wambrechies,contact@peniche-lalea.fr
La Compagnie des Bateaux de Metz,Metz,contact@ciebateauxdemetz.com
Les Grands Bateaux de Provence,Avignon,contact@bateauxprovence.com
Compagnie des Bateaux du Lac d'Annecy,Annecy,info@bateaux-annecy.com
Compagnie des Bateaux du Lac d'Aix-les-Bains,Aix-les-Bains,info@bateaux-aixlesbains.com
Péniche-Hôtel C'est La Vie,Saint-Léger-sur-Dheune,cestlaviebarge@gmail.com
Péniche-Hôtel La Luciole,Auxerre,info@bargeluciole.com
Bourgogne Catamaran,Seurre,contact@bourgognecatamaran.fr
La Péniche Angers,Angers,asm44@live.fr
Bateau Promenade L'Hirondelle,Chenillé-Changé,reservation@domaine-moulin.fr
Les Vedettes Jaunes,Arzal,contact@vedettesjaunes.com
Roanne Plaisance,Roanne,hervepetelet@gmail.com
Kite-Surf Leucate,La Franqui,ecole.kitesurfleucate@gmail.com
Direct Wind,La Franqui,adrenalinedw@gmail.com
EBKite,La Palme,ebkite@gmail.com
Kite School Leucate,Leucate,hello@kiteschool-leucate.com
Surfone Leucate,Leucate,contact@surfone.fr
Tendance Kite,Sigean,tendancekite@gmail.com
Glisse et Kite,Saint-Pierre-la-Mer,accueil@glisseetkite.com
SurfandKite,Le Barcarès,surfandkite66@gmail.com
ID-Kite,Sète,idkite34@gmail.com
Ventileau,Marseillan,contact@ventileau.com
Fildair,Mèze,contact@fildair.com
Kithau,Marseillan,francois@kithau.com
Kite Family,Marseillan,infos@ecolekitefamily.com
MF Kite,Hyères,contact@mfkite.com
Kitextrem,Hyères,contact@kitesurf-hyeres.com
SpinOut,Giens,info@spinout.fr
Wing et Kite,Hyères,wing.kite83@gmail.com
Kite Center 83,Hyères,kitecenter83@gmail.com
Le Spot Kitecenter,Hyères,contact@kitesurf-var.com
Wimkite School,Wissant,ecolewimkite@gmail.com
NKS 56,Plouharnel,contact@nks56.com
Rêve de Glisse,Plouharnel,revedeglisse@gmail.com
UpAndKite,Quiberon,upandkite@yahoo.com
Kite Spirit,Quiberon,ecole@kite-spirit.com
WestGliss,Pentrez,westgliss@gmail.com
Le Spot Wingfoil Windsurf School,Crots,contact@spot-wingfoil.com
Association Voile et Nautisme 04,Sainte-Croix-du-Verdon,infos@voileverdon.fr
Centre Nautique de Fréhel,Sables-d'Or-les-Pins,cnfrehel@gmail.com
49ème Parallèle Navigation,Erquy,49emeparallele@gmail.com
Le Sloop d'Erquy,Erquy,lasaintejeanne@gmail.com
Pure Nautic Dahouët,Pléneuf-Val-André,dahouet@pure-nautic.com
Club Nautique de Saint-Jacut,Saint-Jacut-de-la-Mer,club.nautique.saintjacut@gmail.com
Cap Sensations,Carnac-Plage,capsensations@gmail.com
Nautisme en Pays Blanc,Mesquer,nautismeenpaysblanc@gmail.com
Yakavélo,La Plaine-sur-Mer,sandrine@yakaveloloc.com
Camargue Excursions,Saintes-Maries-de-la-Mer,ppjpexcursions@gmail.com
Camargue Nautique Club,Saintes-Maries-de-la-Mer,contact@camarguenautiqueclub.com
Les Quatre Maries,Saintes-Maries-de-la-Mer,bateaux-les-4-maries@orange.fr
Bateau Le Camargue,Saintes-Maries-de-la-Mer,contact@bateau-camargue.com
LBC Nautic,Carqueiranne,contact@location-bateau-carqueiranne.fr
Agay JET,Agay,agay.jet@gmail.com
Jet Style Agay,Agay,jet.style@orange.fr
JetFunEvasion,Saint-Aygulf,jetfunevasion@gmail.com
Capitaine Plaisance,Saint-Aygulf,location@capitaine-plaisance.fr
AJC Boat,Les Issambres,ajc@ajc-boat.com
PRO JET et BOAT,Les Issambres,pro.jet83@yahoo.com
Kart Jet Adventure,Les Issambres,kart.jet.adventure@gmail.com
BM Yachting,Théoule-sur-Mer,hello@bmyachting.fr
Blue Hat Boat Rental,Saint-Jean-Cap-Ferrat,rental@bluehatboatrental.com
Sealux Yachting,Saint-Jean-Cap-Ferrat,info@sealuxyachting.com
JetMala Watersports,Cap-d'Ail,jetmalamonaco@gmail.com
Just for You evasion,Rayol-Canadel-sur-Mer,justforyou.evasion@gmail.com
Location Bateaux Ramatuelle,Ramatuelle,location.bateaux.ramatuelle@free.fr
Team Water Sport,Ramatuelle,info@teamwatersport.fr
Sun Force,Ramatuelle,sunforce@sunforce.fr
RIO et FILS,La Croix-Valmer,contact@rioetfils.com
Cagnes Watersports,Cros-de-Cagnes,contact@cwatersports.com
Wake Spot,Cros-de-Cagnes,contact@wake-spot.com
Club de Voile de Doussard,Doussard,clubnautique.doussard2@gmail.com
Veyrier Club Nautique,Veyrier-du-Lac,contact@veyrierclubnautique.fr
SRV Annecy,Annecy,srva@srva.info
Yacht Club Chambéry Le Bourget du Lac,Le Bourget-du-Lac,info@ycbl.fr
Société Nautique du Léman Français,Thonon-les-Bains,snlf.thonon@wanadoo.fr
Club de Voile d'Évian,Évian-les-Bains,info@voile-evian.fr
Centre de Yachting à Voile de Pareloup,Salles-Curan,reservation@cyvp.com
Nautic Club Limousin,Royère-de-Vassivière,nautic-club-limousin23@orange.fr
Base Nautique du Salagou,Celles,base.nautique.salagou@gmail.com
École de Voile Départementale de Braucourt,Éclaron-Braucourt-Sainte-Livière,cchm.der@wanadoo.fr
ASG Voile Gérardmer,Gérardmer,asg.voile@orange.fr
YCGC Base Nautique Lac de Paladru,Charavines,contact@ycgc.org
Club de Voile de Vouglans,Orgelet,cvvouglans39@gmail.com
GUC Voile Monteynard,Treffort,gucvoile@gmail.com
Le Club Nautique Saint-Cassien,Saint-Cassien,leponton@leclubnautique.fr
CNA Voile Club Nautique Aubois,Mesnil-Saint-Père,contact@cnavoile.com
Centre Nautique Biscarrosse Olympique,Biscarrosse,accueil@cnbo.fr
Club de Voile de Sanguinet,Sanguinet,contact@cvsanguinet.org
Cercle de Voile de Cazaux Lac,Cazaux,cvcl@cvcl.fr
Club Nautique Hourtin Médoc,Hourtin,capitainerie.cnhm@gmail.com
Club de Voile Hourtin Médoc,Hourtin,cvhmhourtin@orange.fr
Cercle de la Voile de Bordeaux Carcans-Maubuisson,Carcans,cerclevoilebordeaux@orange.fr
Club Nautique de Naussac Langogne,Langogne,cnnaussac@gmail.com
St Alban Plage,Saint-Alban-de-Montbel,stalbanplage@free.fr
Cercle Nautique des Amis du Der,Sainte-Marie-du-Lac-Nuisement,contact@cnader-asso.org
Allo Canoës,Brantôme en Périgord,allocanoes@gmail.com
TEX Canoë Port Boinot,Niort,tex.location.vente@gmail.com
Canoë Drôme,Saillans,contact@canoe-drome.com
Amazone Canoë,Le Teich,contact@amazonecanoe.com
Courant d'Eyre,Biganos,info@courantdeyre.com
La Fourmy Canoë-Kayak,Bonneuil-Matours,lafourmycanoe@gmail.com
ASVOLT,Entraygues-sur-Truyère,activites@asvolt.fr
Jarnac Sports Canoë Kayak,Jarnac,jarnacjsck@gmail.com
Cognac Canoë Club,Cognac,cognaccanoeclub16@gmail.com
Canotika Tourisme,Château-Gontier,infos@canotika.fr
Canoë-Kayak Montreuil-Juigné,Montreuil-Juigné,contact@cckmj.org
Canoë Kayak La Flèche,La Flèche,location@canoe-kayak-lafleche.fr
FoxaGliss,Murs-et-Gélignieux,contact@foxagliss.com
Base Canoë de Longeville,Ambronay,canoe01500@gmail.com
Latitude Canoë,Montgesoye,latitudecanoe@gmail.com
Canoë Val d'Allier,Lavoûte-Chilhac,contact@canoe-valdallier.com
Canoë Kayak Dole,Dole,canoekayakdole@gmail.com
Chinon-Canoë,Chinon,contact@chinon-canoe.fr
Canoë Hérault Montana,Agonès,contact@canoe-montana.com
Kryzalid'Nature,Bréhémont,contact@knature.fr
Aigue Vive Canoë Kayak,Mostuejouls,aiguevive.canoekayak@yahoo.fr
Bambou Aventure Canoë,Les Vans,oterrain07@gmail.com
3 Éléments Kayak,Saint-Père-sur-Loire,troiselements@gmail.com
Moussac Canoë-Kayak,Moussac-sur-Vienne,moussac.ck@orange.fr
CCC Compagnie de Canoë du Chassezac,Les Assions,contact@ccc-canoe.com
Base Canoë Kayak de Confolens,Confolens,canoeconfolens@gmail.com
Cano et Co,Saugnac-et-Muret,vainsyl33@hotmail.com
Canoë Castor Drôme,Die,canoecastor@gmail.com
H2O Aventure,Belin-Béliet,h2oaventure33@gmail.com
Tiki Dive,Cavalaire-sur-Mer,contact@tiki-dive.com
Iléo Porquerolles,Porquerolles,alex@ileo-porquerolles.fr
Cap Plongée,Six-Fours-les-Plages,cap-plongee@hotmail.com
Sanary Plongée,Sanary-sur-Mer,contact@sanary-plongee.com
Centre de Plongée du Pradet,Le Pradet,plongee.pradet@gmail.com
Lecques Aquanaut,Saint-Cyr-sur-Mer,lac@lecques-aquanaut.fr
Plongée Privilège Bormes,Bormes-les-Mimosas,pascal.juppet@wanadoo.fr
Easy Dive Cannes,Cannes,easydive@easydive.fr
Dune Esterel,Théoule-sur-Mer,esterel@dune-world.com
Subvision Plongée,Golfe-Juan,contact@subvision-plongee.com
Diamond Diving,Golfe-Juan,info@diamonddiving.net
Cap July,Beaulieu-sur-Mer,info@capjuly.com
Palmes Beach,Menton,info@palmesbeachmenton.fr
Côte Bleue Plongée,Sausset-les-Pins,bleue.diving@wanadoo.fr
Pons Plongée,Sète,ponsplongee@gmail.com
École de Plongée Sétoise,Sète,contactepsetoise@gmail.com
Poséidon Plongée Port-Camargue,Le Grau-du-Roi,poseidonplongee@gmail.com
La Palanquée,La Grande-Motte,lapalanqueeplongee@gmail.com
Euro Plongée Gruissan,Gruissan,info@plongee-gruissan.fr
Leucate Plongée,Leucate,info@leucateplongee.fr
Plongée 66 CAP,Port-Vendres,contact@plongee66.com
Scuba Passion,Port-Vendres,scuba.passion@libertysurf.fr
Gurekin Plongée,Saint-Jean-de-Luz,centre@gurekin-plongee.com
Tech Océan,Ciboure,techocean.socoa@gmail.com
BAB Subaquatique,Biarritz,contact@babsubaquatique.fr
