NOM,SECTEUR,VILLE,MAIL
HL Plomberie,BTP,Nîmes,hlplomberie@hotmail.com
LBA Chauffagiste,BTP,Bagnols-sur-Cèze,contact@lba-chauffagiste-bagnolssurceze.fr
Entreprise Bouzigue,BTP,Saint-Quentin-la-Poterie,contact@bouzigue.com
MS Climatisation,BTP,Manduel,stephan.munoz@free.fr
Nimaclim,BTP,Caissargues,contact@nimaclim.com
MP Solution,BTP,Sussargues,mpsolution.contact@gmail.com
Menuiserie FARM,BTP,Beaucaire,laurent.roudelle@orange.fr
Menuiserie Massire,BTP,Beaucaire,menuiseriemassire@orange.fr
Elec d'OC,BTP,Béziers,contact.elecdoc@gmail.com
Le Bret Quentin Plomberie,BTP,Montblanc,pccs.plombier@gmail.com
Emmanuel Fali Plomberie,BTP,Sète,emmanuel.fali@orange.fr
Renobast,BTP,Pont-Saint-Esprit,contact@renobast.fr
2C Tech,BTP,Montpellier,2ctech034@gmail.com
Les Compagnons du Bâtiment,BTP,Montpellier,lescompagnonsdubatiment34@orange.fr
Couverture Gravelle,BTP,Nîmes,gravellecouverture30900@gmail.com
Naveri Toiture,BTP,Nîmes,naveri.danello@gmail.com
Plombier Alès Di Cataldo,BTP,Saint-Privat-des-Vieux,fabien.dicataldo@gmail.com
CA Menuiserie,BTP,Montpellier,ca-menuiserie@outlook.fr
Midi Electricité,BTP,Nîmes,midi.electricite@gmail.com
Why Not Électricité,BTP,Nîmes,contact@whynot-elec.fr
G-nelec,BTP,Montpellier,contact@g-nelec.com
EGIS Uzès,BTP,Uzès,egisuzes@gmail.com
GMA Fenêtres,BTP,Alès,contact@gma-fenetres.fr
Équip Habitat,BTP,Saint-Hippolyte-du-Fort,contact@equiph.fr
Entreprise PCV,BTP,Saint-Victor-la-Coste,plomberiechauffagevalero@gmail.com
Lagier Fils,BTP,Villeneuve-lès-Avignon,contact@lagier-fils.com
L'Artisan Peintre Loubet,BTP,Nîmes,lartisanpeintreloubet@orange.fr
PRIMS Menuiserie,BTP,Béziers,contact@miroiterieprims.fr
DS Menuiserie,BTP,Béziers,contact@ds-menuiserie.fr
Derliss Project,BTP,Montpellier,accueil@derlissproject.com
Menuiserie Paquier,BTP,Béziers,contact@menuiseriepaquier.fr
JFP Plomberie,BTP,Vauvert,contact@jfp-plomberie.fr
Nett'Clim,BTP,Montpellier,p.martel@nettclim.fr
SOS Nîmes Plombier-Chauffagiste,BTP,Nîmes,contact@sos-nimes.fr
MMT Thomas & Associés,BTP,La Boissière,contact@couverture-thomas.fr
PBS Services Plomberie,BTP,Béziers,plombierbeziersservice@gmail.com
Peinture +,BTP,Béziers,peintureplus.contact@gmail.com
Entreprise Vezin,BTP,Béziers,vezin.patrick@orange.fr
Menuiserie Roussel,BTP,Arpaillargues-et-Aureillac,roussel.menuiserie@gmail.com
AA Maçonnerie,BTP,Béziers,contact@aa-maconnerie.fr
JS Peinture,BTP,Montpellier,contact@jspeinture.com
Elec 7 Services,BTP,Sète,elec7services@gmail.com
Ghezzi Menuiserie,BTP,Uzès,contact@ghezzimenuiserie.fr
Maçon Béziers,BTP,Béziers,contact@maconbeziers.fr
PGS34 Électricien,BTP,Béziers,pgs34@orange.fr
DR Construction,BTP,Nîmes,debordraymond30@gmail.com
CYS Peinture et Décoration,BTP,Alès,cys.entreprise@gmail.com
LE PAGE Plomberie,BTP,Vauvert,lp.plomberie34@gmail.com
DCLIM,BTP,Montpellier,dclimsarl@orange.fr
Climatisation 34 TH Plomberie,BTP,Montpellier,contact@thplomberie.com
JL Elect Plomb Chauf,BTP,Nîmes,jl-electricite@orange.fr
Menuiserie du Grand Orb,BTP,Béziers,menuiseriedugrandorb@orange.fr
Laurent Elec,BTP,Sète,laurent@laurentelec.fr
Mon Artisan Électricien,BTP,Montpellier,contact@mon-artisan-electricien.fr
ElecMTP,BTP,Montpellier,contact@electricien-montpellier.net
Dépannage Electricien Dubois,BTP,Montpellier,depannageelectricien34@gmail.com
MTP Sud,BTP,Montpellier,contact@mtpsud.fr
Pinceaux du Languedoc,BTP,Montpellier,contact@peintre-montpellier.com
Expert Peintre Montpellier,BTP,Montpellier,contact@expert-peintre-montpellier.com
MDF Électricité Générale,BTP,Lunel,sarlmdfeg@gmail.com
CKR Électricité,BTP,Montpellier,ckr.electricite@gmail.com
EMS Borgo Facca,BTP,Montpellier,contact@borgofacca.com
La Menuiserie Collaborative,BTP,Montpellier,contact@menuiserieco.fr
Hersaut Alain,BTP,Montpellier,hersaut.alain@neuf.fr
Antherieu Carrelages,BTP,Montpellier,antherieu.carrelage@orange.fr
MB Carrelage,BTP,Montpellier,contact@mbcarrelage.fr
Boplaquo,BTP,Castelnau-le-Lez,contact@boplaquo.com
Pastor TP,BTP,Montpellier,contact@pastor-tp.com
Infiny Élec,BTP,Montpellier,contact@infinyelec.com
An'alu Menuiserie,BTP,Jacou,contact@analu-menuiserie.com
DC Toitures & Façades,BTP,Castelnau-le-Lez,dylanchaumont34740@gmail.com
Alti Toitures Sud,BTP,Montpellier,contact@altitoituresud.com
DYPELEC,BTP,Saint-Jean-de-Védas,contact@dypelec.fr
SARL Alver,BTP,Montpellier,contact@sarl-alver.fr
Atelier Gabel,BTP,Montpellier,ateliergabel@gmail.com
ALB'ELEC,BTP,Juvignac,contact@albelec.com
Guillaume Camassel,BTP,Castelnau-le-Lez,guillaumecamassel@live.fr
PFS Terrassement,BTP,Mauguio,contact@pfsterrassement.fr
TMT Travaux,BTP,Montpellier,tmt.travaux34@gmail.com
Carrelage de la Tour,BTP,Castelnau-le-Lez,info@carrelage-de-la-tour.com
Dialuver,BTP,Montpellier,info@dialuver.fr
Beaumann Couverture,BTP,Montpellier,couvreurbeaumann@gmail.com
ClimSud34,BTP,Montpellier,contactcs34@gmail.com
Serrurier Cap Sud,BTP,Castelnau-le-Lez,contact@serruriercapsud.fr
Ravaldec,BTP,Montpellier,sarlravaldec@orange.fr
Sud Ravalement,BTP,Montpellier,contact@sudravalement.com
RFPC Robert Fabien,BTP,Montpellier,rfpc.34@gmail.com
Chiche Plomberie,BTP,Montpellier,chichesarl@orange.fr
Atelier Rénovation 34,BTP,Montpellier,atelier.renov@hotmail.com
Navy Menuiseries,BTP,Mauguio,contact@navymenuiseries.fr
4S Rénovation,BTP,Montpellier,4srenovation.34@gmail.com
P.A. Terrassement,BTP,Mauguio,p.a.terrassement34@gmail.com
Harmony Peinture,BTP,Montpellier,j.torcheux@harmonypeinture.fr
Alpha Peintures,BTP,Montpellier,alphapeintures34@gmail.com
PC Gaz 34,BTP,Montpellier,contact@pcgaz34.com
LBA Climatisation,BTP,Juvignac,contact@lba-climatisation-juvignac.fr
RJ Clim,BTP,Montpellier,contact@rjclim.fr
Latino Ceram,BTP,Lattes,contact@latinoceram.fr
Sam Décor,BTP,Montpellier,samdecor34@gmail.com
Montpellier Menuiserie 2000,BTP,Lattes,contact@menuiserie2000.net
TCS Plomberie,BTP,Castelnau-le-Lez,thermoclimsanitaire@gmail.com
Cuisiniste Montpellier,BTP,Montpellier,devis@cuisinistemontpellier.fr
Lez Toiture,BTP,Castelnau-le-Lez,info@leztoiture.fr
SESAM Rénovation,BTP,Montpellier,les.artisans.sesam@gmail.com
GML Isolation,BTP,Montpellier,contact@gml-isolation.com
Plaquiste du Pic,BTP,Castelnau-le-Lez,plaquistedupic@gmail.com
L-Terrassement & Assainissement,BTP,Castelnau-le-Lez,lterrassement34@gmail.com
Menplast,BTP,Montpellier,contact@menplast.fr
Sud ALU,BTP,Pézenas,contact@sudalu-pezenas.fr
Romuald Menuiserie,BTP,Pézenas,contact@romuald-menuiserie.fr
ENT TONIO Univers de la Piscine,BTP,Agde,octonio348@gmail.com
OLEA Paysage,BTP,Mèze,contact@olea-paysage.com
Lubrano Père et Fille,BTP,Sète,droguerielubrano@orange.fr
SOLIPLAC,BTP,Gignac,contact@soliplac.fr
C.B. Renovations,BTP,Pézenas,cb-renovations@orange.fr
M.R Alary,BTP,Agde,contact@mralaryalu.fr
Dari Construction,BTP,Montagnac,naimiyagoub@gmail.com
Piscine Hérault,BTP,Gigean,agence@piscineherault.fr
Nicolas Cavaillez,BTP,Pézenas,nicolas.cavaillez@orange.fr
A2S Fermetures,BTP,Frontignan,a2sfermetures@orange.fr
Tomas TP,BTP,Pézenas,tomas-tp@wanadoo.fr
ELS Énergie Conseil,BTP,Clermont-l'Hérault,els.energie.conseil@gmail.com
Ets Oulhiou,BTP,Pézenas,pezenas@oulhiou.fr
Les Jardins d'Ailleurs,BTP,Balaruc-les-Bains,jardins.dailleurs@outlook.com
Terra Toiture,BTP,Pézenas,contact@terratoiture.fr
Peinture d'Avril,BTP,Clermont-l'Hérault,timotheeavril2@gmail.com
Garcia et Fils SARL ARH,BTP,Sète,contact@arhbret.fr
Sovbat,BTP,Sète,vt.sovbat@gmail.com
Tena Maçonnerie,BTP,Frontignan,tenamaconnerie@hotmail.com
Euro Serrurerie,BTP,Sète,contact.euroserrurerie@gmail.com
SMTP34,BTP,Lodève,travaux@smtp34.com
CF Plaquiste,BTP,Pézenas,cf.plaquiste@gmail.com
CLIM'ELEC,BTP,Agde,viasclimelec@outlook.fr
Vitrerie Miroiterie Agathoise,BTP,Agde,vitrerieagathoise@gmail.com
Menuiserie Martinez Richard,BTP,Agde,contact@menuiserie-martinez-agde.fr
Activ' Plomberie,BTP,Lodève,activ-plomberie@hotmail.fr
Fauro Plomberie,BTP,Clermont-l'Hérault,f.fauro@outlook.fr
CPM,BTP,Marseillan,cpmmarseillan@gmail.com
CAP Peinture,BTP,Agde,cappeinture@orange.fr
La Griffe Verte,BTP,Agde,lagriffeverte34@gmail.com
CP Carrelage,BTP,Mèze,cpcarrelage34@gmail.com
MG Construction,BTP,Clermont-l'Hérault,mgconstruction34@gmail.com
Menuiserie Poujol,BTP,Le Pouget,contact@menuiserie-poujol.fr
BLC Solution Habitat,BTP,Frontignan,contact@blcsolutionhabitat.fr
Menuiserie Sabatier,BTP,Frontignan,menuiserie-sabatier@live.fr
Menuiseries du Bassin de Thau,BTP,Sète,contact@menuiseriesdubassindethau.fr
CF Christian Fernandez,BTP,Bessan,christian.fernandez9@orange.fr
Olivier Pierre,BTP,Aniane,pierre.olivier29@wanadoo.fr
HK Plomberie,BTP,Pézenas,hkplomberie@yahoo.com
EEG,BTP,Pézenas,contact@eeg34.com
ATS 2 Menuiserie,BTP,Saint-André-de-Sangonis,contact@ats2.eu
Envolt,BTP,Frontignan,contact@envolt.fr
Sébastien Saurou,BTP,Pézenas,saurousebastien@hotmail.fr
Design Paysage,BTP,Agde,contact@design-paysage.com
ECO ELEK,BTP,Gignac,khaslauer@ecoelek.fr
Evolution Toiture,BTP,Pézenas,contact@evolutiontoiture.fr
Patrick Bruilhet,BTP,Lodève,patrick.bruilhet@orange.fr
Mora,BTP,Gignac,sarlmora@wanadoo.fr
SG Construction,BTP,Agde,contact@sg-construction.fr
Éric Comins,BTP,Agde,eric.comins@orange.fr
Yann Lauze Serrurerie,BTP,Nîmes,mail@yannlauze.fr
SA Sébastien,BTP,Nîmes,info@sa-sebastien.fr
Gepad Piscines,BTP,Nîmes,contact@gepad-piscines-nimes.com
Nimestore Menuiseries,BTP,Nîmes,contact@nimestoremenuiseries.fr
A-S Peinture,BTP,Nîmes,contact@a-s-peinture.com
Sabatier Carrelage,BTP,Nîmes,contact@sabatier-carrelage.com
Méridionale du Paysage,BTP,Nîmes,contact@mdpaysage.fr
Reglobat Maçon Gard,BTP,Nîmes,contact@macon-gard.fr
SRE Elec,BTP,Nîmes,contact@sre-elec.com
Ai Rénovation,BTP,Nîmes,ai.renovation30@gmail.com
DEPANEA,BTP,Nîmes,contact@depanea.fr
Nîmes Menuiserie,BTP,Nîmes,contact.nimes-menuiserie@orange.fr
MS Menuiserie,BTP,Nîmes,contact@msmenuiserie.fr
DOMOSEO,BTP,Nîmes,contact@domoseo.fr
Eutrope Elec,BTP,Nîmes,eutrope.elec@live.fr
CL Couverture,BTP,Alès,clcouvreur30@gmail.com
Charpentes Cévennes,BTP,Alès,mathiasdaly@yahoo.fr
Fontane & Fils,BTP,Alès,fontane.fils@wanadoo.fr
Cévennes Carrelages,BTP,Alès,laeticia.cevennescarrelages@gmail.com
SMH Menuiserie,BTP,Alès,smhmenuiserie30@gmail.com
Kubani TP,BTP,Alès,saskubani@gmail.com
Moschietto Florent TP,BTP,Bagnols-sur-Cèze,moschiettoflorent@gmail.com
Menuiserie Teyssier,BTP,Bagnols-sur-Cèze,mfg.teyssier@gmail.com
Enova Agencement,BTP,Bagnols-sur-Cèze,direction@enova-agencement.fr
Sébastien Joly,BTP,Bagnols-sur-Cèze,joly.sebastien84@gmail.com
EBR Construction,BTP,Bagnols-sur-Cèze,ebr.construction30@gmail.com
A.Pesenti Carrelage,BTP,Bagnols-sur-Cèze,apesenticarrelage@gmail.com
LM Design,BTP,Bagnols-sur-Cèze,contact.lmdesign@gmail.com
Couverture Le Carrer,BTP,Bagnols-sur-Cèze,lecarrercouverture@gmail.com
Bel'O Piscine Bagnols,BTP,Bagnols-sur-Cèze,bagnols-sur-ceze@bel-o.fr
Domadapte,BTP,Bagnols-sur-Cèze,domadapte@gmail.com
Cyril Serrano Électricien,BTP,Uzès,cyrilserrano@wanadoo.fr
EURL Mercier Jérôme,BTP,Uzès,eurl.mercierjerome@orange.fr
Muntz Couverture,BTP,Uzès,jomuntz00@gmail.com
Bleu-Design,BTP,Uzès,bleudesign30@gmail.com
SOS Piscine Uzès,BTP,Uzès,sospiscineuzes@gmail.com
Maçonnerie Sauvan,BTP,Uzès,sauvan.audrey@live.fr
Ferronnerie Depasse,BTP,Uzès,ferronnerie.depasse@orange.fr
Roberto Ferronnerie,BTP,Bouillargues,ferronnerieroberto@live.fr
SB'INOV,BTP,Beaucaire,sb-inov@orange.fr
PONT ELEC,BTP,Pont-Saint-Esprit,pontelec.entreprise@orange.fr
Artisan Gorgan,BTP,Pont-Saint-Esprit,artisangorgan@icloud.com
AFP Plomberie Chauffage,BTP,Le Grau-du-Roi,fabien.martorell@sfr.fr
SUD Plomberie,BTP,Le Grau-du-Roi,contact.sudplomberie30@gmail.com
AB Serrurerie,BTP,Sérignan,contact@serrureriebiterroise.fr
Azur Line,BTP,Béziers,contact@azurline.fr
MCS Pose Carrelages,BTP,Béziers,sasu.mcs@gmail.com
Yvan Brouillet,BTP,Béziers,yvanbrouillet2302@gmail.com
Vitriers de France,BTP,Sommières,vitriers.de.france@wanadoo.fr
Béziers Clim & PAC,BTP,Lieuran-lès-Béziers,beziersclim@hotmail.com
Extrêmes Façades,BTP,Nîmes,contact@extremes-facades.com
ITEM Chauffage,BTP,Saint-Geniès-de-Fontedit,contact@item-chauffage.fr
Cauret Peinture,BTP,Bernis,contact@cauret-peinture.fr
Leblond TP,BTP,Saint-Gilles,abm.leblond@gmail.com
AMCCP,BTP,Aigues-Mortes,izpat@hotmail.fr
Menui'Sûre,BTP,Fabrègues,contact@menui-sure.com
Forestier SARL,BTP,Nîmes,forestiersarl@gmail.com
Caro Davin,BTP,Cabrières,carodavin@orange.fr
Cimenterie de la Tour,BTP,Lavérune,info@cimenterie-de-la-tour.com
BS Couvreur du Sud,BTP,Agde,bscouvreursdusud@gmail.com
Olacia,BTP,Montblanc,entreprise.olacia@olacia.fr
Société Languedocienne Métallique,BTP,Vendres,slm34@wanadoo.fr
Isolation Thermique 34,BTP,Béziers,info@isolation-thermique-34.fr
Speed Elect,BTP,Mus,speedelect@free.fr
Côté Fenêtre 34,BTP,Mauguio,cotefenetre34@orange.fr
Millo Rénovation,BTP,Saint-Gilles,millo-renovation@orange.fr
DK Couverture,BTP,Le Vigan,kodyduculty@yahoo.com
Plac Mobil,BTP,Mauguio,contact@placmobil.fr
ELIT NRJ,BTP,Lunel,lunel@elitnrj.fr
PDJ Entreprise,BTP,Béziers,pdjentreprise@gmail.com
AAS Automatisme,BTP,Mauguio,contact@aas-automatisme.com
NET Services Clim,BTP,Lunel,netserviceslunel34400@gmail.com
Hérault Couverture,BTP,Lunel,couvertureherault@gmail.com
Wolf Alain,BTP,Nîmes,volf.alain@orange.fr
Morin Peinture 34,BTP,Lunel,morinpeinture@gmx.fr
Mileno Piscine,BTP,Sérignan,contact@mileno.fr
SARL Petit,BTP,Vergèze,sarlpetit@bbox.fr
Amytis,BTP,Sérignan,amytislejardinnature@gmail.com
JS Couverture,BTP,Aimargues,manonorengo0307@gmail.com
La Compagnie des Carrelages,BTP,Nîmes,contact@compagniedescarrelages.com
EURL Delenne 30,BTP,Lunel,delenne30@gmail.com
Conforthermique,BTP,Caveirac,contact@confort-thermique-nimes.fr
